age,baths,bedrooms,fireplace,owner,pool,price,sqft,traditional,waterfront
18,1,1,1,1,1,66500,741,1,0
18,1,1,0,0,1,66000,741,1,0
18,1,1,1,1,0,68500,790,1,0
18,2,2,1,1,0,102000,2783,1,0
35,1,2,0,0,0,54000,1165,1,0
25,2,2,1,1,0,143000,2331,1,0
25,2,2,1,0,0,98900,1228,1,0
25,2,2,1,0,0,98350,1228,1,0
25,2,2,1,0,0,98847,1228,1,0
25,2,2,1,0,0,98900,1228,1,0
25,2,2,1,0,0,101313,1228,1,0
18,2,2,0,1,0,125000,1520,1,0
25,2,2,1,0,0,62500,1440,1,0
25,2,2,0,1,0,92000,1001,1,0
45,1,2,0,1,0,120000,1438,1,0
35,1,2,0,0,0,23000,956,1,0
63,1,2,0,0,0,22654,1080,1,0
45,1,2,0,1,0,95000,1745,1,0
45,1,2,0,0,0,64900,971,1,0
45,1,2,0,0,0,75000,1303,1,0
35,1,2,0,0,0,68000,1590,1,0
45,1,2,0,0,0,23000,933,1,0
63,1,2,0,0,0,40101,850,1,0
25,2,2,0,1,0,93000,2332,1,0
35,1,2,0,0,0,58500,1562,1,0
18,2,3,0,0,0,103500,1452,1,0
25,2,3,1,1,1,102565,2890,1,0
18,2,3,0,0,0,97900,2419,1,0
18,2,3,0,1,0,99000,1808,1,0
35,2,3,0,1,0,82000,1396,1,0
5,2,3,1,1,0,171500,2216,1,0
18,2,3,1,0,0,135900,1425,1,0
25,2,3,1,0,0,80001,2291,1,0
5,2,3,1,0,0,136000,2024,1,1
2,2,3,1,1,0,167500,2560,1,0
5,2,3,1,0,0,134000,2246,1,0
63,3,3,1,1,0,270000,5814,1,1
63,2,3,1,0,0,315000,3835,1,0
13,2,3,1,1,0,207000,2870,1,0
63,2,3,1,1,0,197500,3128,1,0
45,2,3,0,1,0,335000,3060,1,0
63,3,3,1,0,0,219000,2918,1,0
45,2,3,1,1,0,189900,1936,1,0
45,1,3,0,1,0,79900,2610,1,0
45,2,3,0,1,0,123400,2446,1,0
45,2,3,0,0,0,123000,2590,1,0
45,2,3,0,0,0,130500,2910,1,0
45,2,3,0,0,0,128000,1304,1,0
35,1,3,0,0,0,68000,1342,1,0
35,1,3,0,0,0,62000,1090,1,0
45,2,3,0,1,0,124000,2989,1,0
45,1,3,0,0,0,50000,2191,1,0
45,1,3,0,1,0,89900,1393,1,0
45,2,3,0,1,0,125000,1912,1,0
45,2,3,1,1,0,147000,2126,1,0
45,2,3,1,1,0,246000,2666,1,0
35,1,3,0,0,0,76000,1286,1,0
25,2,3,1,0,0,135000,2135,1,0
35,2,3,0,1,0,85000,1400,1,0
35,2,3,1,0,0,124900,2272,1,0
35,1,3,1,1,0,98900,1956,1,0
35,2,3,0,1,0,120000,1644,1,0
35,2,3,0,1,1,134000,2692,1,0
25,2,3,0,1,0,115495,2707,1,0
45,2,3,0,1,0,81900,1404,1,0
35,1,3,0,1,0,34000,1111,1,0
35,1,3,1,1,0,91500,1519,1,0
25,2,3,0,0,0,109200,2100,1,0
35,1,3,0,0,0,42000,1370,1,0
35,2,3,0,0,0,110000,1819,1,0
35,2,3,0,1,0,142000,2545,1,0
25,1,3,0,1,0,79900,1511,1,0
25,2,3,1,1,0,134900,2403,1,0
25,2,3,1,1,0,130000,2468,1,0
25,2,3,1,0,0,125000,2367,1,0
25,3,3,0,1,1,108000,2461,1,0
25,2,3,1,1,0,133000,2496,1,0
25,2,3,1,1,0,126000,2301,1,0
25,2,3,1,1,0,121900,2200,1,0
25,2,3,1,1,0,116000,2453,1,0
25,2,3,1,1,0,135000,2876,1,0
25,2,3,1,1,0,150000,2523,1,0
25,2,3,1,1,0,136400,2534,1,0
25,2,3,1,1,0,97500,1790,1,0
25,2,3,1,1,0,141000,2703,1,0
18,2,3,1,1,0,185000,2495,1,0
35,2,3,1,1,0,127000,2009,1,0
25,2,3,1,1,0,290000,2824,1,0
25,2,3,1,0,0,95700,1485,1,0
25,2,3,1,0,0,139900,3266,1,0
25,2,3,1,1,0,97500,1358,1,0
25,1,3,1,1,0,90900,1337,1,0
25,1,3,1,0,0,72500,1411,1,0
25,2,3,1,1,0,137500,1965,1,0
18,2,3,0,1,0,116000,1843,1,0
13,2,3,1,0,0,121500,1897,1,0
18,2,3,0,1,0,149900,2486,1,0
18,2,3,1,1,0,99000,1467,1,0
18,2,3,0,1,0,100000,1453,1,0
18,2,3,1,1,0,208000,3157,1,0
18,2,3,1,0,0,130000,1296,1,0
25,2,3,0,0,0,102500,1800,1,0
18,2,3,1,1,1,190000,3264,1,0
18,2,3,1,1,0,119400,1996,1,0
13,2,3,1,1,0,212500,3453,1,0
13,2,3,1,1,0,263000,3682,1,0
13,2,3,1,1,0,125000,1879,1,0
13,2,3,1,1,0,125000,2071,1,0
13,2,3,1,1,0,206500,2132,1,0
8,2,3,1,1,0,117500,1979,1,0
8,2,3,1,0,0,175000,2469,1,0
8,2,3,1,1,0,192500,2681,1,1
8,2,3,0,0,0,111900,1615,1,0
8,2,3,1,1,0,260000,3052,1,1
8,2,3,0,0,0,95000,2332,1,0
8,2,3,1,1,0,188000,3125,1,0
8,2,3,1,1,0,138900,2083,1,0
8,2,3,1,1,0,163000,2207,1,0
8,2,3,1,0,0,115000,2007,1,0
8,2,3,1,1,1,142900,1995,1,0
8,2,3,1,1,0,168500,2201,1,0
8,2,3,1,1,0,146000,2128,1,0
8,2,3,1,0,0,106000,1843,1,0
8,2,3,1,1,0,124400,1848,1,0
8,2,3,1,1,0,124000,1372,1,0
8,2,3,1,1,0,177500,2636,1,0
1,2,3,1,0,0,149900,2228,1,0
8,2,3,1,1,0,161500,2302,1,0
8,2,3,1,1,0,142900,1992,1,0
5,2,3,1,1,0,161900,2415,1,0
8,2,3,0,1,0,100900,1514,1,0
8,2,3,1,1,0,146400,2444,1,0
5,2,3,0,1,0,113700,2016,1,0
5,2,3,0,0,0,171000,1588,1,0
5,2,3,1,1,1,168000,2325,1,0
5,2,3,1,1,0,149000,2135,1,0
5,2,3,1,0,0,125000,1882,1,0
5,2,3,0,0,0,75000,1617,1,0
2,2,3,0,0,0,125000,2127,1,0
5,2,3,1,1,1,130900,2062,1,1
5,2,3,0,1,0,109500,1970,1,0
5,2,3,0,1,0,103900,1716,1,0
5,2,3,1,1,0,127800,2131,1,0
2,2,3,1,1,0,219000,2200,1,0
2,2,3,1,0,0,110050,2084,1,0
2,2,3,1,0,0,206000,2342,1,0
2,2,3,0,0,0,95000,1741,1,0
2,2,3,1,1,0,122000,2044,1,0
2,2,3,1,1,0,214000,3041,1,0
2,2,3,1,1,0,115900,1700,1,1
2,2,3,0,1,0,122900,2312,1,0
2,2,3,1,1,0,129900,2072,1,0
2,2,3,1,1,0,155536,2348,1,0
2,2,3,1,1,0,169900,2342,1,0
1,2,3,1,0,0,153900,2522,1,0
2,2,3,1,1,0,107900,1707,1,0
2,2,3,0,0,0,131000,2122,1,0
2,2,3,1,0,0,114500,2103,1,0
2,2,3,0,1,0,114900,1805,1,0
2,2,3,0,0,0,130000,1980,1,0
1,2,3,0,0,0,135500,2122,1,0
1,2,3,1,0,0,157900,2462,1,0
1,2,3,1,0,0,161000,2420,1,1
1,2,3,1,0,0,124900,1840,1,0
1,2,3,1,0,0,120000,1864,1,0
1,2,3,1,0,0,124175,1864,1,0
1,2,3,1,0,0,165900,2174,1,0
1,2,3,0,1,0,207255,2135,1,0
1,2,3,1,0,0,252900,2977,1,0
1,2,3,1,0,0,226900,2879,1,0
1,2,3,1,0,0,132000,1873,1,0
1,2,3,1,0,0,124900,1921,1,0
1,2,3,0,0,0,135900,1405,1,0
1,2,3,1,0,0,158000,2376,1,0
1,2,3,1,0,0,154650,2211,1,0
13,2,3,1,0,0,188900,2813,1,0
5,2,3,0,0,0,175000,2076,1,0
1,2,3,0,0,0,162900,2010,1,0
45,2,3,1,1,0,115900,2554,1,0
25,2,3,1,1,0,109000,2145,1,0
18,2,3,1,1,0,110000,1806,1,0
35,1,3,0,1,0,100300,1745,1,0
25,2,3,0,1,0,126900,2623,1,0
35,1,3,0,1,0,92000,1401,1,0
25,2,3,0,1,0,98400,2037,1,0
25,2,3,0,0,0,66000,1589,1,0
35,1,3,0,0,0,93300,1501,1,0
25,2,3,0,0,0,89000,1588,1,0
25,2,3,1,1,0,97500,1584,1,0
25,2,3,1,1,0,110000,1945,1,0
25,2,3,1,1,0,113000,2166,1,0
25,2,3,0,1,0,99900,1495,1,0
35,2,3,0,0,0,98500,2296,1,0
25,2,3,0,0,0,105000,1927,1,0
25,2,3,1,1,0,112000,1964,1,0
25,2,3,1,1,0,116300,2773,1,0
25,2,3,1,1,1,119000,2113,1,0
18,2,3,1,1,0,143000,2452,1,0
25,2,3,1,1,0,116000,2303,1,0
35,2,3,1,1,0,186000,2940,1,0
8,2,3,1,1,0,142500,2247,1,0
13,2,3,0,1,0,138500,1541,1,0
25,2,3,1,0,0,149500,2712,1,0
18,2,3,1,0,0,106000,1510,1,0
18,2,3,1,0,0,111500,2212,1,0
8,2,3,1,0,0,144500,1548,1,0
25,2,3,0,0,0,120500,2055,1,0
35,2,3,0,1,0,109900,1860,1,0
18,2,3,1,0,0,109500,1989,1,0
8,2,3,1,0,0,119000,1350,1,0
35,2,3,1,0,0,103000,2447,1,0
25,2,3,1,0,1,139900,2800,1,0
13,2,3,1,0,0,144000,2389,1,0
25,2,3,1,1,0,151900,3624,1,0
45,2,3,0,1,0,112400,2388,1,0
35,2,3,0,1,0,119900,2490,1,0
35,2,3,0,1,0,138000,2481,1,0
35,2,3,1,0,0,137000,2681,1,0
25,2,3,1,0,0,127000,2412,1,0
35,2,3,0,0,0,118830,2130,1,0
35,3,3,0,0,0,75000,2294,1,0
35,1,3,0,0,0,82300,1231,1,0
35,2,3,0,0,0,115000,2205,1,0
35,2,3,0,0,0,129000,2701,1,0
45,2,3,0,0,0,98300,1887,1,0
45,1,3,0,0,0,60000,876,1,0
35,1,3,1,1,0,119900,2645,1,0
25,2,3,1,1,0,119500,2482,1,0
25,2,3,1,1,0,127000,2011,1,0
25,1,3,0,1,0,85000,1421,1,0
25,2,3,0,1,0,98500,1460,1,0
35,2,3,0,1,0,89000,1591,1,0
35,2,3,0,1,0,103000,2827,1,0
25,2,3,0,1,0,110000,2005,1,0
35,2,3,1,0,0,103000,3153,1,0
25,2,3,1,0,0,119900,2282,1,0
1,2,3,1,0,0,134000,2086,1,0
45,2,3,0,0,0,80000,2120,1,0
45,1,3,0,0,0,41500,1015,1,0
45,2,3,0,0,0,67500,1321,1,0
25,1,3,0,0,0,77500,1330,1,0
35,1,3,0,0,0,70500,1376,1,0
35,1,3,0,0,0,87000,1974,1,0
25,2,3,0,0,0,59895,1865,1,0
35,1,3,0,0,0,42000,1489,1,0
25,2,3,1,1,0,124900,2917,1,0
25,2,3,0,1,0,85000,1562,1,0
35,1,3,0,0,0,57000,1393,1,0
45,1,3,0,0,0,93000,1963,1,0
8,2,3,1,1,0,186900,2678,1,0
25,2,3,1,1,0,122000,1889,1,0
25,2,3,1,1,0,132000,2156,1,0
25,2,3,1,1,0,135000,3029,1,0
18,2,3,0,1,0,103500,1483,1,0
25,2,3,0,1,0,102500,2196,1,0
25,2,3,0,1,0,125000,2430,1,0
25,2,3,0,1,0,130000,2051,1,0
25,2,3,0,1,0,137900,1595,1,0
35,1,3,0,1,0,72500,1203,1,0
18,2,3,1,0,0,138900,2360,1,0
25,2,3,1,0,0,109900,1858,1,0
25,2,3,1,0,0,224900,3555,1,0
1,2,3,1,0,0,114000,1896,1,0
25,2,3,0,0,0,152500,1765,1,0
25,2,3,1,1,0,148500,2135,1,0
25,2,3,1,1,0,119000,1389,1,0
18,2,3,0,0,0,132500,1296,1,0
63,2,3,1,1,0,287500,2087,1,0
45,3,3,1,1,0,190000,2628,1,0
45,2,3,1,1,0,172500,3310,1,0
25,2,3,1,1,0,105000,2200,1,0
35,1,3,0,0,0,61500,1763,1,1
45,2,3,1,1,0,148000,3027,1,0
35,2,3,0,1,0,94900,2466,1,0
45,2,3,0,1,0,63000,2292,1,0
5,2,3,0,0,0,65500,1277,1,0
63,2,3,0,0,0,87000,1377,1,0
45,2,3,1,1,0,149000,2876,1,0
35,2,3,0,1,0,120000,3329,1,0
63,1,3,0,0,0,60000,1131,1,0
35,2,3,0,0,0,57500,1847,1,0
35,1,3,0,0,0,66000,1236,1,0
63,1,3,0,0,0,69900,1837,1,0
35,2,3,0,0,0,82900,1400,1,0
35,1,3,0,0,0,45900,1801,1,0
35,1,3,0,0,0,55500,810,1,0
45,1,3,0,0,0,33000,1579,1,0
45,1,3,0,0,0,52900,1482,1,0
45,1,3,1,0,0,31000,1590,1,0
45,2,3,0,0,0,95000,2041,1,0
18,2,3,1,1,0,140000,2238,1,0
35,2,3,1,1,0,120459,1590,1,0
8,2,3,0,1,0,70300,1380,1,0
18,2,3,1,0,0,142900,1668,1,0
35,1,3,1,0,0,35000,1714,1,0
63,2,3,0,0,1,165000,1965,1,0
25,2,3,0,1,0,78000,1916,1,0
2,2,3,1,1,0,128000,1958,1,0
25,2,3,1,0,0,60000,1383,1,0
5,2,3,0,1,0,144500,2026,1,0
8,2,3,1,1,0,169900,2595,1,1
8,2,3,1,1,0,127000,1862,1,1
8,2,3,1,1,0,143000,1613,1,0
8,2,3,1,1,0,153000,1668,1,0
8,2,3,1,1,0,170000,2477,1,0
8,2,3,0,1,0,172000,2268,1,0
13,2,3,1,0,0,112900,2090,1,0
1,2,3,1,0,0,176900,2374,1,0
13,2,3,1,0,0,130000,2353,1,0
8,2,3,0,0,0,64000,1811,1,0
25,1,3,0,0,0,63000,1386,1,0
35,1,3,0,0,0,36000,900,1,0
45,1,3,0,0,0,62500,1763,1,0
63,2,3,0,0,0,63000,1800,1,0
35,2,3,1,1,0,146000,1810,1,0
45,2,3,1,1,0,95000,1801,1,0
25,2,3,0,0,0,93900,1500,1,0
35,1,3,0,0,0,22000,1414,1,0
25,2,3,1,1,0,114000,3299,1,0
8,2,3,1,1,0,143000,2136,1,0
2,2,3,1,1,0,113000,1696,1,0
8,2,3,1,1,1,155000,1757,1,0
2,2,3,0,1,0,135000,1914,1,0
1,2,3,1,0,0,128000,2134,1,0
8,2,3,1,0,0,128900,1851,1,0
25,2,3,1,0,0,103000,2246,1,0
1,2,3,1,0,0,168000,1601,1,0
1,2,3,0,0,0,109275,1150,1,0
18,2,3,0,0,0,92000,1346,1,0
25,2,3,0,0,0,117000,2320,1,0
1,2,3,0,0,0,146715,2467,1,0
1,2,3,0,0,0,150900,2458,1,0
1,2,3,0,0,0,154650,2459,1,0
1,2,3,0,0,0,157500,2458,1,0
1,2,3,0,0,0,165330,2459,1,0
25,2,3,0,0,0,62241,1615,1,0
1,2,3,0,0,0,129000,2379,1,0
25,4,3,1,1,1,287500,4033,1,0
25,1,3,0,1,0,84500,1162,1,0
25,2,3,1,1,0,118000,2798,1,0
8,2,3,1,1,0,131900,2226,1,0
2,2,3,1,1,0,120500,1977,1,0
2,2,3,1,1,0,137500,1937,1,0
35,1,3,0,1,1,79900,1009,1,0
2,2,3,0,1,0,114000,1937,1,0
2,2,3,0,1,0,118000,1933,1,0
18,1,3,0,1,0,91500,1341,1,0
35,1,3,0,1,0,75000,1594,1,0
18,2,3,0,0,0,80000,1183,1,0
1,2,3,0,0,0,103100,1772,1,0
1,2,3,0,0,0,113400,1960,1,0
1,2,3,0,0,0,122700,2087,1,0
1,2,3,0,0,0,126600,2348,1,0
1,2,3,0,0,0,126600,2348,1,0
1,2,3,0,0,0,102800,1670,1,0
1,2,3,0,0,0,111800,1937,1,0
1,2,3,0,0,0,111900,1933,1,0
1,2,3,0,0,0,113500,1960,1,0
1,2,3,0,0,0,114500,1933,1,0
1,2,3,0,0,0,121300,1977,1,0
1,2,3,0,0,0,123200,2087,1,0
1,2,3,0,0,0,123800,2105,1,0
1,2,3,0,0,0,128600,2182,1,0
1,2,3,0,0,0,129800,2348,1,0
1,2,3,0,0,0,129800,2348,1,0
1,2,3,0,0,0,129900,2348,1,0
1,2,3,0,0,0,131800,2379,1,0
1,2,3,0,0,0,132600,2348,1,0
1,2,3,0,0,0,133400,2348,1,0
1,2,3,0,0,0,157900,2827,1,0
35,2,3,0,0,1,115000,2447,1,0
25,2,3,0,0,0,67500,2419,1,0
1,1,3,0,0,0,100000,1556,1,0
1,2,3,0,0,0,109300,1886,1,0
1,2,3,0,0,0,128200,2379,1,0
1,2,3,0,0,0,122100,2087,1,0
1,2,3,0,0,0,110800,1937,1,0
1,2,3,0,0,0,111900,1933,1,0
1,2,3,0,0,0,113100,1933,1,0
1,2,3,0,0,0,129400,2182,1,0
25,2,3,1,1,0,104000,2095,1,0
35,1,3,1,1,0,80000,1486,1,0
18,2,3,0,1,0,103500,2565,1,0
35,2,3,0,1,0,72190,1349,1,0
35,1,3,0,1,0,98000,1680,1,0
25,1,3,0,1,0,85000,1300,1,0
35,2,3,0,1,0,86000,2037,1,0
35,3,3,0,1,0,210000,4046,1,0
25,1,3,0,1,0,86000,1418,1,0
45,1,3,1,0,0,102000,2376,1,0
35,1,3,1,0,0,45000,1130,1,0
18,2,3,1,0,0,89100,1917,1,0
35,1,3,0,0,0,60000,1336,1,0
18,1,3,0,0,0,72000,1394,1,0
18,2,3,0,0,0,89000,1358,1,0
35,2,3,0,0,0,51500,1700,1,0
35,1,3,0,0,0,76000,1433,1,0
35,1,3,0,0,0,76000,1178,1,0
35,1,3,0,0,0,73500,1266,1,0
8,2,3,1,1,0,112900,1215,1,0
8,2,3,1,1,0,116900,1910,1,0
8,2,3,1,1,0,121000,1952,1,0
8,2,3,1,1,0,122000,1308,1,0
8,2,3,1,1,0,114000,1744,1,0
13,2,3,1,0,0,118750,2215,1,0
5,2,3,0,0,0,98500,1152,1,0
35,2,3,0,0,0,69000,1236,1,0
35,1,3,1,0,0,45000,1300,1,0
13,2,3,0,0,0,131000,2170,1,0
25,2,4,1,1,0,184300,3013,1,0
35,2,4,0,1,0,137500,2905,1,0
63,3,4,1,0,0,265000,4688,1,0
45,2,4,1,0,0,114000,2193,1,0
63,2,4,0,0,0,153000,2789,1,0
35,2,4,1,1,0,144000,2669,1,0
35,2,4,0,1,0,118500,2550,1,0
35,2,4,0,0,0,135000,2573,1,0
35,2,4,1,1,1,159900,3657,1,0
35,3,4,0,1,0,183500,3810,1,0
35,2,4,1,1,0,142900,2936,1,0
35,2,4,1,1,0,197000,3123,1,0
35,2,4,1,1,0,182500,3078,1,0
25,2,4,0,1,0,119900,2457,1,0
25,2,4,1,1,0,150000,2800,1,0
25,2,4,0,0,0,126000,1931,1,0
25,3,4,0,1,1,237000,4244,1,0
25,2,4,1,1,0,175000,2267,1,0
25,4,4,1,1,1,617000,5673,1,1
25,2,4,0,1,0,163000,2605,1,0
25,2,4,1,0,0,162000,3280,1,0
25,3,4,1,1,1,230000,5216,1,1
25,2,4,1,0,0,118000,2978,1,0
25,3,4,1,1,1,419900,5736,1,1
25,2,4,1,1,0,178000,2432,1,0
25,2,4,1,1,0,200000,3088,1,0
25,3,4,0,0,0,154000,3179,1,0
25,2,4,1,1,1,184700,3279,1,0
25,4,4,1,1,1,275000,4681,1,0
25,2,4,1,0,0,116500,2518,1,0
18,2,4,1,0,1,170000,3323,1,0
18,2,4,1,1,0,184000,3594,1,0
18,2,4,1,0,1,177000,2353,1,0
13,3,4,1,1,0,258000,4020,1,0
13,2,4,1,1,0,214000,3122,1,0
13,3,4,1,1,1,285500,3670,1,0
13,3,4,1,1,0,325000,3812,1,0
13,3,4,0,1,0,170000,2076,1,0
13,2,4,1,0,0,193500,3438,1,0
13,2,4,1,1,0,195500,2923,1,0
13,3,4,1,1,0,336000,4133,1,1
8,3,4,1,1,0,254000,3122,1,0
8,2,4,1,0,0,204000,3222,1,0
8,2,4,1,1,0,196900,2642,1,0
8,2,4,1,0,1,168000,2760,1,0
8,3,4,1,1,0,290000,4215,1,0
8,2,4,1,1,0,163500,2517,1,0
8,2,4,0,1,1,128000,2083,1,0
5,2,4,1,1,0,154000,2235,1,0
5,3,4,1,1,0,255000,3251,1,0
5,2,4,1,1,0,344900,3972,1,0
5,3,4,1,1,1,302000,4255,1,0
5,3,4,1,1,0,280000,3983,1,1
5,3,4,1,1,0,355000,4325,1,0
5,3,4,1,1,0,143900,2948,1,0
2,2,4,1,1,0,187400,2226,1,0
2,2,4,1,1,0,142000,2532,1,1
2,3,4,1,1,0,392250,3535,1,0
2,3,4,1,1,1,440000,4411,1,0
2,3,4,1,1,0,229900,3060,1,0
2,2,4,0,1,0,144500,2122,1,0
1,2,4,1,0,0,142000,2280,1,0
1,3,4,1,0,0,242900,2866,1,0
1,2,4,1,0,0,221000,3039,1,0
1,2,4,1,0,0,147000,2280,1,0
1,3,4,1,0,0,318600,3600,1,1
1,2,4,1,0,0,126900,1886,1,0
1,2,4,1,0,0,286000,3010,1,0
1,2,4,1,0,0,168075,2624,1,0
1,3,4,1,0,0,268900,3557,1,0
1,2,4,1,0,0,159850,2376,1,1
1,2,4,0,0,0,126500,1954,1,1
25,2,4,1,1,0,180000,3993,1,0
25,2,4,1,1,1,175000,3234,1,0
18,3,4,1,1,0,295000,3731,1,1
8,3,4,1,0,0,675000,5858,1,1
25,2,4,1,1,0,164900,2669,1,0
8,2,4,1,1,0,227500,3094,1,0
25,2,4,0,1,0,118900,1872,1,0
25,2,4,0,1,0,137800,2373,1,0
25,2,4,1,1,1,158000,3593,1,0
13,2,4,1,1,0,248900,3206,1,0
25,2,4,1,1,0,137900,3150,1,0
8,2,4,1,1,0,227500,3262,1,0
25,2,4,1,1,0,175000,2948,1,0
18,2,4,1,1,0,182500,3171,1,0
25,3,4,1,0,0,219900,3333,1,0
35,2,4,0,0,0,119637,2830,1,0
35,2,4,0,1,0,175000,3756,1,0
35,2,4,1,0,0,148900,2171,1,0
25,3,4,0,0,0,136000,2210,1,0
45,2,4,0,0,0,139900,4130,1,0
35,2,4,1,1,0,150000,3425,1,1
45,2,4,0,0,0,128900,2770,1,0
35,1,4,1,0,0,64900,1970,1,0
13,2,4,1,1,1,243900,2457,1,0
8,3,4,1,1,0,400000,3133,1,0
35,4,4,1,1,0,315000,2802,1,0
25,5,4,1,1,1,360000,6213,1,0
8,2,4,0,1,0,230000,3168,1,0
25,2,4,1,0,0,210000,4315,1,0
63,4,4,1,1,0,600000,6119,1,0
63,2,4,0,0,0,173000,2532,1,0
63,2,4,0,1,0,80000,2176,1,0
45,2,4,1,0,0,71000,1949,1,0
8,2,4,1,1,0,199000,2027,1,0
1,2,4,1,1,0,226000,3368,1,0
35,2,4,0,0,0,133000,1976,1,0
25,2,4,1,0,0,85000,2072,1,0
13,3,4,1,1,1,240000,2848,1,1
5,2,4,1,1,0,225000,3137,1,0
5,3,4,1,1,0,239900,3172,1,0
2,2,4,1,1,0,178950,2350,1,0
1,2,4,1,0,0,207249,3390,1,0
13,2,4,0,1,0,167000,2696,1,0
2,3,4,1,1,0,246000,3370,1,0
25,2,4,0,1,0,90000,2411,1,0
25,2,4,1,0,0,87500,1463,1,0
1,2,4,0,0,0,158900,2523,1,0
1,2,4,0,0,0,159691,2502,1,0
1,3,4,0,0,0,180221,2816,1,0
1,2,4,0,0,0,181900,2985,1,0
25,1,4,0,0,0,106500,2019,1,0
5,2,4,1,1,0,136900,2240,1,0
2,2,4,1,1,0,174000,2768,1,0
1,2,4,0,0,0,133400,2418,1,0
1,2,4,0,0,0,134600,2418,1,0
1,2,4,0,0,0,146000,2536,1,0
1,2,4,0,0,0,152400,2842,1,0
1,2,4,0,0,0,134300,2418,1,0
35,2,4,0,0,0,120000,2222,1,0
1,2,4,0,0,0,134200,2418,1,0
1,2,4,0,0,0,134600,2418,1,0
1,2,4,0,0,0,135700,2418,1,0
1,2,4,0,0,0,136200,2418,1,0
1,2,4,0,0,0,136900,2418,1,0
1,2,4,0,0,0,154600,2932,1,0
1,2,4,0,0,0,154600,2932,1,0
1,2,4,0,0,0,155615,2842,1,0
1,2,4,0,0,0,164300,2980,1,0
1,2,4,0,0,0,165800,2980,1,0
1,3,4,0,0,0,189801,3382,1,0
1,2,4,0,0,0,94900,1485,1,0
1,2,4,0,0,0,133000,2418,1,0
1,2,4,0,0,0,133800,2418,1,0
1,2,4,0,0,0,133800,2418,1,0
1,2,4,0,0,0,133800,2418,1,0
1,2,4,0,0,0,133800,2418,1,0
1,2,4,0,0,0,134900,2418,1,0
1,2,4,0,0,0,139300,2536,1,0
1,2,4,0,0,0,149100,2842,1,0
1,2,4,0,0,0,149900,2842,1,0
1,2,4,0,0,0,134900,2418,1,0
1,2,4,0,0,0,138900,2536,1,0
1,2,4,0,0,0,158900,2932,1,0
1,2,4,0,0,0,160500,3040,1,0
45,2,4,0,0,0,93000,1602,1,0
1,2,4,0,0,0,196900,2779,1,0
1,2,4,0,0,0,138800,2536,1,0
1,2,4,0,0,0,194900,3010,1,0
1,2,4,0,0,0,196900,2779,1,0
45,1,4,0,0,0,72500,1500,1,0
1,2,4,0,0,0,163600,2717,1,0
1,3,4,0,0,0,209100,3456,1,0
45,3,5,0,1,0,176700,3031,1,0
35,3,5,1,1,1,360000,5811,1,0
35,3,5,0,1,0,110000,2739,1,0
8,3,5,1,0,1,330000,4249,1,0
8,3,5,1,1,1,422900,4601,1,0
2,5,5,1,1,0,1007000,7099,1,0
1,3,5,0,0,0,175900,3116,1,0
8,5,6,1,1,0,425000,6194,1,1
63,1,8,0,1,0,125000,5803,1,0
25,2,2,0,0,0,101500,1910,0,0
25,2,2,1,0,0,56000,1495,0,0
18,2,2,1,0,0,60150,1210,0,0
8,2,2,1,0,1,127000,1291,0,0
1,2,2,0,0,1,149900,1310,0,0
2,2,2,0,0,1,149900,1408,0,0
18,1,2,0,0,0,94900,1088,0,0
18,1,2,0,0,0,94900,1088,0,0
18,1,2,0,0,0,94900,1088,0,0
18,1,2,0,0,0,94900,1088,0,0
18,1,2,0,0,0,94900,1088,0,0
18,1,2,0,0,0,95900,1088,0,0
18,1,2,0,0,0,95900,1088,0,0
18,1,2,0,0,0,95900,1088,0,0
18,1,2,0,0,0,95900,1088,0,0
18,1,2,0,0,0,95900,1088,0,0
18,1,2,0,0,0,95900,1088,0,0
18,1,2,0,0,0,95900,1088,0,0
18,1,2,0,0,0,95900,1088,0,0
18,1,2,0,0,0,95900,1088,0,0
18,1,2,0,0,0,95900,1088,0,0
18,1,2,0,0,0,95900,1088,0,0
18,1,2,0,0,0,95900,1088,0,0
18,1,2,0,0,0,95900,1088,0,0
18,1,2,0,0,0,95900,1088,0,0
18,1,2,0,0,0,95900,1088,0,0
18,1,2,0,0,0,95900,1088,0,0
18,1,2,0,0,0,95900,1088,0,0
18,1,2,0,0,0,95900,1088,0,0
18,1,2,0,0,0,95900,1088,0,0
18,1,2,0,0,0,95900,1088,0,0
18,1,2,0,0,0,95900,1088,0,0
18,1,2,0,0,0,95900,1088,0,0
18,1,2,0,0,0,95900,1088,0,0
18,1,2,0,0,0,95900,1088,0,0
18,1,2,0,0,0,97900,1088,0,0
25,2,2,1,0,0,109900,1875,0,0
18,1,2,0,0,0,94900,1088,0,0
18,1,2,0,0,0,94900,1088,0,0
18,1,2,0,0,0,94900,1088,0,0
18,1,2,0,0,0,94900,1088,0,0
18,1,2,0,0,0,94900,1088,0,0
18,1,2,0,0,0,95900,1088,0,0
18,1,2,0,0,0,95900,1088,0,0
18,1,2,0,0,0,95900,1088,0,0
18,1,2,0,0,0,95900,1088,0,0
18,1,2,0,0,0,95900,1088,0,0
25,2,2,1,1,0,82500,1656,0,0
2,2,2,1,0,0,140000,1976,0,1
18,2,2,1,1,0,74900,1734,0,0
25,2,2,0,1,0,55000,1130,0,0
18,2,2,1,0,0,59500,1160,0,0
18,2,2,1,0,0,80500,1618,0,0
25,2,2,1,0,0,64500,1243,0,0
18,2,2,1,1,0,86000,1759,0,0
25,2,2,1,0,0,100000,1241,0,0
18,1,2,1,1,0,96300,1558,0,0
25,1,2,0,1,0,90000,1628,0,0
18,2,2,1,0,1,87000,1059,0,0
13,1,2,1,0,0,92000,1565,0,0
18,1,2,0,0,0,110000,1120,0,1
18,2,2,1,0,0,102000,1172,0,0
2,3,3,0,0,1,164900,1600,0,0
1,2,3,1,0,0,139900,2000,0,1
25,2,3,0,1,0,147000,2040,0,0
25,2,3,1,0,1,150000,1900,0,0
8,2,3,1,1,1,210000,2437,0,0
18,2,3,1,0,0,130000,1980,0,0
18,2,3,1,1,0,142000,2060,0,0
1,2,3,1,0,0,249900,2788,0,0
63,2,2,0,1,0,89000,1612,0,0
13,1,2,0,0,0,105000,2070,0,0
2,1,3,0,0,0,69000,1457,0,0
45,1,3,0,1,0,99000,2278,0,0
45,1,3,0,0,0,73000,1790,0,0
45,2,3,0,0,0,140000,1561,0,0
45,1,3,1,0,0,129500,2146,0,0
45,2,3,1,1,0,172900,2348,0,0
35,2,3,0,0,0,138500,1500,0,0
35,2,3,0,1,0,105000,2311,0,0
35,2,3,1,0,0,140000,2779,0,0
35,2,3,0,0,0,132000,2588,0,0
35,1,3,0,1,0,65000,1450,0,0
35,2,3,1,1,0,135000,3372,0,0
35,2,3,0,0,0,95000,1605,0,0
25,2,3,0,1,1,114000,2879,0,0
25,2,3,0,0,0,51000,1400,0,0
25,1,3,1,1,0,110500,1964,0,0
18,2,3,1,1,0,118000,2454,0,0
8,2,3,1,0,0,153500,2441,0,0
5,2,3,1,1,0,182000,1751,0,1
2,2,3,1,1,0,165500,2181,0,0
35,2,3,0,1,0,72200,1419,0,0
25,2,3,1,0,0,180000,2570,0,0
35,2,3,1,0,0,95000,2506,0,0
25,2,3,1,1,0,125000,1606,0,0
35,2,3,0,1,1,156900,2815,0,0
35,2,3,0,1,0,119900,2152,0,0
25,2,3,0,0,1,110000,2378,0,0
45,1,3,1,0,0,74900,1603,0,0
35,2,3,1,0,1,182500,3353,0,0
45,2,3,1,1,0,122000,3750,0,0
25,1,3,0,1,0,97000,2838,0,0
25,2,3,1,1,0,118000,2206,0,0
35,1,3,0,0,0,22000,1092,0,0
35,2,3,0,0,0,59900,2090,0,0
18,2,3,0,0,1,100000,1713,0,0
13,2,3,1,1,0,100200,1352,0,0
45,2,3,1,1,1,104600,2535,0,0
5,2,3,1,1,0,126000,1367,0,0
63,2,4,0,0,0,82551,2561,0,0
63,2,4,0,1,1,121000,1517,0,0
45,1,4,0,0,0,78000,1396,0,0
35,2,4,1,1,0,158500,3242,0,0
35,3,4,1,0,0,101850,2255,0,0
25,2,4,1,1,0,169900,3212,0,0
8,2,4,1,1,0,148000,1901,0,0
25,2,4,1,1,0,107900,2796,0,0
35,2,4,1,0,0,149900,3040,0,0
35,3,4,0,0,0,157000,3550,0,0
45,2,4,0,0,1,154000,2663,0,0
45,2,4,1,1,1,150000,3182,0,0
18,1,4,0,0,0,40000,1494,0,0
35,2,4,1,0,0,82500,2277,0,0
25,3,5,1,1,0,160000,3303,0,0
1,2,2,1,0,0,169900,1943,0,0
13,2,3,1,1,0,160000,2480,0,0
8,3,3,1,1,1,610000,4935,0,1
25,1,3,0,0,1,73000,915,0,0
25,1,3,0,0,1,75000,915,0,0
25,1,3,0,0,1,75000,915,0,0
25,2,3,0,0,0,99000,1200,0,0
25,2,3,0,0,0,99000,1200,0,0
1,4,4,1,0,0,369900,4834,0,0
25,2,4,1,1,1,442500,4925,0,0
25,2,4,1,1,1,205900,3577,0,0
8,3,4,1,1,1,540000,5138,0,0
13,3,4,1,1,0,735000,5582,0,0
18,2,2,1,1,0,74000,1200,0,0
25,2,2,1,1,0,94000,1913,0,0
18,2,2,1,0,0,116000,1395,0,0
25,2,2,1,1,1,113000,2076,0,1
18,2,2,1,0,0,75200,975,0,0
18,1,2,1,0,0,75400,1088,0,0
18,1,2,1,0,0,77400,1088,0,0
18,1,2,1,0,0,78900,1088,0,0
18,1,2,1,0,0,79900,1088,0,0
1,2,2,0,0,0,132670,1855,0,0
1,2,2,0,0,0,207100,1817,0,0
18,2,2,0,0,0,75200,975,0,0
18,1,2,0,0,0,77900,1108,0,0
18,1,2,0,0,0,77900,1108,0,0
18,1,2,0,0,0,77900,1108,0,0
5,2,3,1,0,0,175000,2725,0,1
25,2,3,1,1,0,136000,2265,0,0
25,2,3,1,1,0,105900,1446,0,0
25,2,3,0,0,0,106000,2163,0,0
13,2,3,1,1,0,121000,1714,0,0
13,2,3,1,1,0,112000,1811,0,0
13,3,3,1,0,1,225000,2591,0,0
8,2,3,0,0,0,138000,2298,0,0
1,2,3,0,0,0,141900,2082,0,0
1,2,3,1,0,0,152500,2010,0,1
1,2,3,0,0,0,107000,1705,0,0
25,2,3,1,0,0,127500,1478,0,0
1,2,3,0,0,0,159900,2182,0,1
18,3,3,1,1,0,340000,3631,0,0
8,2,3,1,1,0,170000,2244,0,0
2,2,4,1,1,0,245500,3953,0,0
13,3,3,1,1,0,330000,3648,0,0
8,2,3,1,1,0,225000,2450,0,0
8,2,3,1,1,0,140000,2099,0,0
5,2,3,1,1,0,168750,2298,0,0
5,2,3,1,0,0,213500,2815,0,0
5,2,3,1,1,0,182500,2500,0,0
2,2,3,1,1,0,206900,2694,0,0
2,2,3,1,1,0,229900,2706,0,0
2,2,3,1,1,0,236000,2537,0,1
2,2,3,1,1,0,214000,1923,0,0
2,2,3,1,1,0,212000,2109,0,0
2,2,3,1,1,0,196900,3018,0,0
2,2,3,1,1,0,147000,2124,0,0
2,2,3,1,1,0,226900,3498,0,0
2,2,3,1,1,0,155000,2290,0,0
2,2,3,1,1,0,134000,2428,0,0
2,2,3,1,0,0,146280,2370,0,0
1,2,3,1,0,0,204200,2505,0,0
1,2,3,0,0,0,176900,1833,0,1
1,2,3,1,0,0,152000,2304,0,0
2,2,3,1,1,0,142500,2171,0,0
1,2,3,1,0,0,167900,2370,0,0
1,2,3,1,0,0,135900,2137,0,0
1,2,3,1,1,0,169500,2482,0,0
1,2,3,1,0,0,140700,2205,0,0
1,2,3,1,0,0,143100,2214,0,0
1,2,3,1,0,0,154950,2579,0,0
1,2,3,1,0,0,170000,2482,0,0
1,2,3,1,0,0,169900,2667,0,1
1,2,3,1,0,0,170650,2536,0,1
1,2,3,1,0,0,182700,2527,0,0
1,2,3,1,0,0,130700,1924,0,0
8,2,3,1,1,0,160000,2081,0,1
8,2,3,1,0,0,106000,1557,0,0
8,2,3,1,0,0,203900,2887,0,0
2,3,3,1,1,0,299900,2982,0,0
5,2,3,1,1,0,124000,1870,0,0
1,2,3,1,0,0,161900,1643,0,1
1,2,3,1,0,0,215000,1947,0,0
2,2,3,1,1,0,130000,1894,0,0
13,3,4,1,1,1,307000,4341,0,0
8,2,4,1,0,0,239900,3400,0,0
8,3,4,1,1,0,236500,3465,0,0
8,2,4,1,0,1,128800,1498,0,0
2,3,4,1,1,0,375500,3841,0,1
2,3,4,1,1,0,249900,2949,0,1
2,3,4,1,1,0,228000,3005,0,1
2,3,4,1,1,0,257000,3415,0,0
2,3,4,1,1,0,268600,3327,0,0
2,2,4,1,1,0,167000,2329,0,0
2,2,4,1,1,0,220000,2564,0,0
2,4,4,1,1,0,875000,5390,0,0
2,3,4,1,1,0,198000,2932,0,0
2,2,4,1,1,0,160500,2305,0,0
1,2,4,1,0,0,209900,2879,0,0
2,4,4,1,1,0,315000,3200,0,0
2,3,4,1,1,0,284000,3558,0,0
1,4,4,1,1,1,1575000,7897,0,1
1,3,4,0,1,0,205500,2947,0,1
1,2,4,1,1,0,181000,2616,0,0
2,3,4,1,1,0,239900,2825,0,0
2,2,4,1,1,0,267300,3481,0,0
1,2,4,1,0,0,182000,2777,0,0
1,2,4,1,0,0,187900,2768,0,0
2,2,4,1,1,0,198000,2579,0,0
1,3,4,1,0,0,201700,2856,0,1
1,3,4,1,0,0,216000,2847,0,0
1,2,4,1,0,0,197800,2926,0,0
1,3,4,1,0,0,369250,4075,0,1
1,3,4,1,0,0,338500,3777,0,0
1,3,4,1,0,0,272000,3366,0,0
13,2,4,1,1,0,235500,2970,0,0
2,2,4,1,1,0,260000,3321,0,0
1,4,4,1,0,0,445500,4559,0,1
1,3,4,1,0,0,479900,4281,0,0
1,3,4,1,0,0,286000,3159,0,0
1,2,4,1,0,0,291000,3304,0,0
8,2,4,1,0,0,290000,3125,0,0
2,3,4,1,1,0,244500,2937,0,1
5,3,4,1,1,0,360000,4605,0,0
5,2,4,1,1,0,245900,2540,0,0
8,2,4,1,0,0,195000,2851,0,0
5,3,4,1,1,0,250000,3057,0,1
8,3,4,1,1,0,239900,3538,0,0
1,2,4,1,0,0,277900,3840,0,0
1,2,4,1,0,0,222198,2394,0,0
1,3,4,1,0,0,248840,2820,0,0
8,3,4,1,0,0,270000,4561,0,0
1,3,4,0,0,0,418880,4146,0,0
1,3,4,0,0,0,228900,4062,0,0
13,4,5,1,1,0,1580000,7640,0,1
5,3,5,1,0,0,380000,4327,0,0
5,3,5,1,1,0,430000,4625,0,0
5,4,5,1,0,0,382000,3942,0,1
2,3,5,1,1,0,228500,2737,0,0
1,3,5,1,0,0,300000,3611,0,0
1,3,5,0,0,0,280544,3405,0,0
63,1,1,0,1,0,135000,1277,0,0
45,1,2,0,0,0,119600,1239,0,0
63,2,2,0,1,0,128500,1267,0,0
63,1,2,0,0,0,100000,1500,0,0
45,1,2,0,1,0,57000,825,0,0
35,1,2,0,0,0,40001,2334,0,0
63,1,2,1,0,0,116500,1742,0,0
45,1,2,1,1,0,230777,2400,0,0
63,1,2,1,1,0,120000,1955,0,0
80,1,2,0,1,0,114000,1297,0,0
45,1,2,0,0,0,119900,1152,0,0
63,1,2,0,0,0,135000,1189,0,0
45,1,2,0,1,0,51900,1268,0,0
45,1,2,0,0,0,53000,1139,0,0
63,1,2,0,0,0,27000,1008,0,0
63,1,2,0,0,0,43500,1363,0,0
35,1,2,0,0,0,50000,735,0,0
63,2,2,0,0,0,32500,1618,0,0
35,1,2,0,1,0,52500,1425,0,0
35,1,2,0,1,0,61000,1392,0,0
25,1,2,0,1,0,60000,1163,0,0
45,1,2,0,0,0,24000,838,0,0
63,2,3,0,0,0,125000,2451,0,0
80,2,3,0,0,0,159000,1918,0,0
63,1,3,1,1,0,120000,2056,0,0
35,1,3,0,0,0,30000,1305,0,0
25,2,3,1,1,0,93700,2069,0,0
25,2,3,0,0,0,63500,1488,0,0
13,2,3,1,0,0,127000,1931,0,0
8,2,3,1,1,0,131000,2330,0,0
8,2,3,1,1,0,119900,1587,0,0
8,2,3,0,0,0,83500,1442,0,0
5,2,3,1,1,0,101500,1615,0,0
5,2,3,0,1,0,84000,1040,0,0
1,2,3,0,0,0,159900,1722,0,1
1,2,3,0,0,0,156700,1722,0,1
45,2,3,1,1,0,124000,2195,0,0
35,1,3,0,1,0,72500,1582,0,0
45,1,3,0,0,0,85000,1379,0,0
63,2,3,1,1,0,237000,2629,0,0
63,2,3,1,0,0,236500,2751,0,0
45,2,3,1,0,0,180000,1537,0,0
63,2,3,1,1,0,175000,2445,0,0
63,2,3,0,1,0,135000,2379,0,0
63,2,3,0,1,0,149000,2107,0,0
80,1,3,0,0,0,150000,2000,0,0
80,2,3,1,0,0,161000,1380,0,0
63,2,3,1,0,0,172500,1472,0,0
45,2,3,0,0,0,71500,1765,0,0
45,1,3,0,0,0,69000,1364,0,0
45,2,3,0,0,0,130400,1688,0,0
80,2,3,0,1,0,150000,2248,0,0
8,2,3,0,1,0,255000,3074,0,1
25,2,3,1,1,0,169000,2314,0,1
80,2,3,1,1,0,124000,2136,0,0
45,1,3,0,0,0,30000,1241,0,0
45,3,3,0,0,0,74900,1710,0,0
1,2,3,0,0,0,94900,1420,0,0
25,1,3,0,1,0,72000,1175,0,0
35,1,3,1,1,0,81500,1119,0,0
35,1,3,0,0,0,35500,1385,0,0
5,2,4,0,0,0,84000,1631,0,0
45,2,4,1,1,0,129000,3128,0,0
45,4,4,1,0,0,401000,5017,0,0
18,2,4,1,0,0,125000,3096,0,0
35,2,4,0,1,0,290000,1844,0,1
63,2,4,0,0,0,38300,1488,0,0
25,2,4,0,0,0,59000,1744,0,0
1,2,2,1,0,0,145000,1196,0,1
1,2,2,0,0,0,140000,1400,0,1
1,2,2,0,0,0,155000,1196,0,1
1,2,2,0,0,0,155000,1400,0,1
1,2,2,0,0,0,155000,1196,0,1
1,2,2,0,0,0,160000,1400,0,1
1,2,2,0,0,0,160000,1196,0,1
45,2,3,1,1,0,332000,3670,0,1
45,2,3,1,0,0,129900,2870,0,0
35,2,3,1,1,0,120000,2433,0,0
25,2,3,0,1,0,119900,2363,0,0
25,2,3,1,0,0,154000,3250,0,0
25,2,3,1,1,0,132000,1907,0,0
25,2,3,1,1,0,145000,2529,0,0
25,2,3,1,1,1,156000,2495,0,0
8,2,3,1,0,0,96000,1582,0,0
2,2,3,0,1,0,99000,1491,0,0
2,2,3,1,1,0,132000,2013,0,0
2,2,3,1,1,0,118900,1719,0,0
2,2,3,1,1,0,182000,2911,0,0
1,2,3,1,0,0,150900,1949,0,0
1,2,3,1,1,0,147000,2236,0,0
1,2,3,1,1,0,158000,2205,0,0
1,2,3,1,0,0,174900,2312,0,0
25,2,3,1,0,1,233500,3166,0,1
13,3,3,1,1,1,220000,3380,0,0
45,2,3,1,0,0,133000,2886,0,0
25,2,3,0,1,0,105800,2786,0,0
45,1,3,0,0,0,109000,1608,0,0
13,2,3,1,1,0,185000,2097,0,1
35,1,3,1,0,0,31000,1293,0,0
35,2,3,1,1,0,103000,1960,0,0
35,2,3,1,0,0,90500,1628,0,0
1,2,3,1,0,0,133000,1934,0,0
35,2,3,1,0,0,101900,1892,0,0
1,2,3,0,0,0,82725,1062,0,0
8,2,4,1,1,0,181600,3309,0,0
35,2,4,0,0,0,115500,2903,0,0
25,3,4,1,1,1,177500,3070,0,0
25,3,4,1,0,0,179900,3430,0,0
35,1,1,0,0,0,48000,720,0,0
2,2,2,0,1,0,152500,1320,0,0
63,1,2,0,1,0,64900,1033,0,0
25,2,3,1,1,0,113857,2057,0,0
8,2,3,1,1,0,161000,2704,0,0
2,2,3,1,1,0,129500,2246,0,0
2,2,3,1,1,0,228000,3737,0,0
25,2,3,1,1,0,113000,2800,0,0
8,2,3,1,1,0,141000,2276,0,0
45,2,3,0,1,0,132000,2616,0,0
25,2,3,1,1,0,95000,1826,0,0
35,1,3,0,0,0,25000,1579,0,0
8,3,4,1,1,0,205900,3460,0,0
8,2,4,1,1,0,240000,2505,0,0
80,2,4,1,1,0,66000,3580,0,0
35,5,5,1,1,0,1260000,7249,0,0
18,3,5,1,1,0,295000,7790,0,0
8,4,5,1,1,1,575000,5956,0,1
8,5,5,1,1,0,1400000,6397,0,1
18,2,2,1,1,0,89900,1712,0,0
45,1,2,0,1,0,41000,1296,0,0
25,1,2,0,0,0,34000,662,0,1
25,2,3,0,1,0,112500,1836,0,0
25,2,3,0,1,0,124600,1956,0,0
25,2,3,1,1,0,116500,2297,0,0
18,2,3,1,1,1,136000,2791,0,0
25,2,3,1,1,0,117000,1994,0,0
18,2,3,1,0,0,150000,2562,0,0
18,2,3,1,1,0,118000,2492,0,0
18,2,3,1,1,0,124000,1912,0,0
18,2,3,1,1,0,130000,2172,0,0
18,2,3,1,1,0,120000,1684,0,0
18,2,3,0,1,0,311000,3955,0,0
18,2,3,1,1,0,124500,2255,0,0
18,2,3,1,1,0,125000,2238,0,1
13,2,3,1,1,0,108000,2418,0,0
13,2,3,1,0,0,122000,2315,0,0
13,2,3,1,1,0,177500,3020,0,0
8,2,3,1,0,0,142500,2693,0,0
8,2,3,1,1,0,168000,2985,0,0
8,3,3,1,1,0,266900,5140,0,0
8,2,3,1,1,0,235000,3964,0,0
8,2,3,1,1,0,108900,1755,0,0
8,2,3,1,1,0,114500,1874,0,0
5,2,3,1,0,0,115000,1998,0,0
5,2,3,1,1,0,105000,1724,0,0
5,2,3,1,1,0,108000,1681,0,1
2,2,3,1,1,0,125000,2092,0,0
5,2,3,0,0,0,104000,1514,0,0
5,2,3,0,1,0,105900,1655,0,0
5,2,3,0,1,0,112900,1272,0,0
2,2,3,0,1,0,96000,1640,0,0
2,2,3,0,1,0,165000,3251,0,0
2,2,3,0,1,0,114900,1918,0,0
2,2,3,0,0,0,160000,2410,0,0
2,2,3,1,1,0,195000,3348,0,1
18,2,3,1,0,0,105000,1962,0,0
13,2,3,0,1,1,122900,2570,0,0
18,2,3,1,1,0,123000,1484,0,0
25,2,3,1,1,0,119000,2095,0,0
25,2,3,1,1,1,150000,2680,0,0
25,2,3,1,1,0,129000,1907,0,0
25,2,3,1,0,0,177000,2875,0,0
18,2,3,1,0,0,143500,2168,0,0
35,2,3,0,1,0,288500,2660,0,0
63,1,3,0,1,0,104000,1488,0,0
63,2,3,0,1,0,160000,2766,0,0
63,2,3,0,1,0,162000,1949,0,0
80,2,3,0,0,0,31900,1993,0,0
25,2,3,1,0,1,114900,3195,0,0
2,2,3,1,1,0,126000,1404,0,0
5,2,3,1,1,0,142500,2212,0,0
35,1,3,0,0,0,52000,960,0,0
8,2,3,1,1,0,184000,2028,0,0
5,2,3,1,1,0,105000,1368,0,0
13,2,3,1,0,0,111000,1487,0,0
8,1,3,1,0,0,88500,1317,0,0
8,2,3,1,1,0,172000,2603,0,0
2,2,3,1,1,0,127820,2019,0,0
8,2,3,0,1,0,82000,1256,0,0
13,2,3,1,0,0,118650,1666,0,0
25,2,3,0,0,0,130000,2905,0,0
35,1,3,0,0,0,80500,1334,0,0
13,2,3,1,1,0,170000,3112,0,0
8,2,3,1,0,0,92000,1350,0,0
5,2,3,1,0,0,118000,2042,0,0
25,2,4,1,1,0,179900,3476,0,0
25,2,4,1,0,0,152400,2534,0,0
25,2,4,1,1,0,161500,2936,0,0
18,2,4,1,1,1,332694,4988,0,0
13,4,4,1,1,1,435000,3046,0,0
13,2,4,0,0,0,138000,2630,0,0
8,2,4,1,0,0,193000,3086,0,0
8,2,4,1,0,0,162750,3657,0,0
8,2,4,1,1,0,210000,3069,0,0
8,2,4,1,0,0,227500,3147,0,1
8,2,4,1,1,0,190000,2635,0,1
8,2,4,1,1,1,323000,4497,0,0
5,3,4,1,1,0,320000,4411,0,1
5,4,4,1,1,0,245000,3002,0,0
1,3,4,0,0,0,215000,4919,0,0
25,2,4,1,1,1,219000,4805,0,1
35,2,4,1,1,0,158500,3213,0,0
25,2,4,1,1,1,146000,3947,0,0
25,3,4,1,1,0,254250,4222,0,0
35,2,4,1,1,0,185000,3479,0,0
13,2,4,0,0,0,139900,3573,0,0
13,2,4,1,1,0,344900,3990,0,0
45,1,4,0,0,0,51000,1744,0,0
18,2,4,1,1,0,320000,4500,0,0
8,2,4,1,1,0,164000,2456,0,0
8,3,4,1,1,0,295000,3729,0,0
5,2,4,0,0,0,152000,1588,0,0
8,3,4,1,0,1,195900,4000,0,1
8,3,4,0,1,1,202500,2650,0,0
25,2,4,1,1,0,152000,3143,0,0
13,3,4,1,1,1,149000,2967,0,0
25,2,4,0,1,0,195000,4110,0,0
13,3,4,1,0,0,172600,3594,0,0
25,3,5,1,1,0,122570,2853,0,0
13,3,5,1,0,1,185000,4599,0,0
13,3,5,1,0,1,1280000,7086,0,1
25,2,5,0,1,0,123808,3148,0,0
25,4,7,1,1,1,374000,6203,0,0
