Date,Close/Last,Volume,Open,High,Low
4/25/2025,163.85,35148050,167.1,168.24,163
4/24/2025,161.47,30787480,158.53,161.71,158.09
4/23/2025,157.72,18575740,157.91,160.02,156.35
4/22/2025,153.9,15910330,151.07,154.61,150.87
4/21/2025,149.86,16147780,150.97,151.06,148.4
4/17/2025,153.36,19513410,156.61,157.07,150.9
4/16/2025,155.5,16921500,155.47,158.18,153.91
4/15/2025,158.68,15690780,161.57,162.05,157.65
4/14/2025,161.47,18255930,162.31,164.03,159.92
4/11/2025,159.4,22581990,155.59,159.86,155.59
4/10/2025,155.37,35270540,158.76,160.03,152.2
4/9/2025,161.06,46479540,146.33,161.87,145.81
4/8/2025,146.58,35304390,153.58,154.44,145.21
4/7/2025,149.24,47823020,143.39,154.93,142.66
4/4/2025,147.74,39832210,149.9,153.09,147.54
4/3/2025,152.63,28416070,152.84,154.69,152.18
4/2/2025,158.86,17113320,156.96,160.28,156.53
4/1/2025,158.88,20111380,155.3,160.08,155.26
3/31/2025,156.23,33591550,154.81,157.13,152.21
3/28/2025,156.06,34866460,162.36,163.81,155.34
3/27/2025,164.08,21571170,166.71,167.44,163.85
3/26/2025,167.14,22554240,171.3,171.94,166.86
3/25/2025,172.79,13841590,171.18,172.91,170.55
3/24/2025,169.93,18742850,169.27,170.5,167.44
3/21/2025,166.25,29882060,163.38,166.47,163.03
3/20/2025,165.05,19981510,163.83,167.03,163.14
3/19/2025,166.28,24955720,163.92,168.13,163.05
3/18/2025,162.67,24616780,165.96,166.44,158.8
3/17/2025,166.57,17839140,167.33,168.46,165.81
3/14/2025,167.62,18611090,165.32,168.25,164.51
3/13/2025,164.73,15206170,167.98,168.12,164.07
3/12/2025,169,19880060,168.47,169.53,165.48
3/11/2025,165.98,23705900,166.68,168.66,163.24
3/10/2025,167.81,28990720,170.16,170.45,165.57
3/7/2025,175.75,16395290,173.24,176.9,172.25
3/6/2025,174.21,19082400,172.55,176.73,172.51
3/5/2025,174.99,18848040,172.32,175.75,170.93
3/4/2025,172.61,30711410,167.94,175.17,167.54
3/3/2025,168.66,24121990,173.73,175,167.64
2/28/2025,172.22,30049810,170.3,172.5,168.39
2/27/2025,170.21,25930530,175.94,176.59,169.75
2/26/2025,174.7,23693250,176.95,178.08,173.59
2/25/2025,177.37,20832490,180.16,180.76,176.77
2/24/2025,181.19,18734010,183.8,185.09,180.88
2/21/2025,181.58,19520780,187.29,187.47,181.13
2/20/2025,186.64,12063810,186.5,187.12,184.6
2/19/2025,187.13,13120470,186.19,187.36,185.5
2/18/2025,185.8,19796030,187.44,187.78,183.58
2/14/2025,186.87,12714150,186.83,188.15,186.11
2/13/2025,187.88,12729330,185.93,187.99,184.88
2/12/2025,185.43,17632310,185.23,186.83,183.63
2/11/2025,187.07,13028100,186.84,188.8,186.08
2/10/2025,188.2,16606020,189.06,189.99,187.61
2/7/2025,187.14,29565720,192.74,193.02,185.1
2/6/2025,193.31,20816590,190.99,193.83,190.49
2/5/2025,193.3,43719590,193.1,194.55,189.91
2/4/2025,207.71,28285440,204.5,208.7,204.26
2/3/2025,202.64,16719470,202.22,205.22,201.66
1/31/2025,205.6,17087340,203.72,207.08,203.58
1/30/2025,202.63,14571480,199.76,203.24,199.47
1/29/2025,197.18,12287820,197.37,198.46,195.19
1/28/2025,197.07,15939160,194.65,197.23,192.61
1/27/2025,193.77,24970170,194.19,198.67,192.7
1/24/2025,201.9,12732380,199.85,202.57,199.78
1/23/2025,199.58,15170840,199.98,201.94,196.82
1/22/2025,200.03,15477380,200.55,202.12,199.2
1/21/2025,199.63,19005230,200.51,203.84,199.44
1/17/2025,197.55,22109130,198.05,198.81,195.31
1/16/2025,194.41,13449580,195.83,196.98,194.3
1/15/2025,196.98,12894880,194.35,197.8,193.33
1/14/2025,191.05,13651180,192.5,193.27,189.64
1/13/2025,192.29,13169060,191.35,192.49,188.66
1/10/2025,193.17,20753790,195.42,197.62,191.6
1/8/2025,195.39,14335340,193.95,197.64,193.75
1/7/2025,196.71,16966760,198.27,202.14,195.94
1/6/2025,197.96,19483320,195.15,199.56,195.06
1/3/2025,193.13,12874960,192.73,194.5,191.35
1/2/2025,190.63,17545160,191.49,193.2,188.71
12/31/2024,190.44,14355220,192.45,193.25,189.58
12/30/2024,192.69,12209530,190.87,193.78,190.36
12/27/2024,194.04,14692990,196.47,196.8,191.97
12/26/2024,197.1,7918434,196.74,198.16,195.87
12/24/2024,197.57,6809823,196.17,197.67,195.2
12/23/2024,195.99,15235940,194.03,196.49,191.63
12/20/2024,192.96,45319700,187.01,194.14,186.37
12/19/2024,189.7,26981200,193.28,194.6,189.52
12/18/2024,190.15,27638420,196.83,198.69,189.28
12/17/2024,197.12,24129480,198.53,202.88,196.69
12/16/2024,198.16,32248640,194.37,200.64,194.11
12/13/2024,191.38,18883220,192.71,194.34,191.26
12/12/2024,193.63,25197760,196.3,196.71,193.28
12/11/2024,196.71,41664490,186.7,196.89,186.26
12/10/2024,186.53,34317440,184.54,188.03,182.67
12/9/2024,177.1,19887790,175.72,178.04,175.4
12/6/2024,176.49,13319550,173.88,176.84,173.55
12/5/2024,174.31,16145520,177.32,177.71,174.01
12/4/2024,176.09,18239840,172.78,176.43,172.75
12/3/2024,173.02,15721480,173.12,174.32,172.51
12/2/2024,172.98,16593440,170.32,173.6,170.27
11/29/2024,170.49,9250712,170.06,170.87,168.75
11/27/2024,170.82,12433370,170.68,171.14,169.67
11/26/2024,170.62,14937480,169.49,171.5,169.43
11/25/2024,169.43,21395650,167.99,170.46,167.4
11/22/2024,166.57,24497040,167.16,168.26,165.71
11/21/2024,169.24,38839430,175.46,175.58,165.31
11/20/2024,177.33,15729810,178.83,179.11,175.33
11/19/2024,179.58,15392870,175.24,180.17,175.12
11/18/2024,176.8,18725420,174.96,176.91,174.42
11/15/2024,173.89,21708870,175.64,175.88,172.75
11/14/2024,177.35,17925760,179.75,180.45,176.03
11/13/2024,180.49,13969710,182.15,182.62,180.12
11/12/2024,183.32,14065850,181.38,184.03,180.99
11/11/2024,181.97,12503420,180.07,182.09,179.99
11/8/2024,179.86,15021550,182,182.35,179.57
11/7/2024,182.28,16730410,179.11,182.58,178.89
11/6/2024,178.33,27061510,175.35,178.64,175.04
11/5/2024,171.41,12518280,170.83,172.1,170.37
11/4/2024,170.68,16193990,171.24,171.92,169.49
11/1/2024,172.65,21752860,171.54,173.82,170.31
10/31/2024,172.69,32801900,174.72,178.42,172.56
10/30/2024,176.14,49698310,182.41,183.79,175.75
10/29/2024,171.14,28916110,169.39,171.86,168.66
10/28/2024,168.34,20858250,170.59,170.61,165.79
10/25/2024,166.99,14566410,165.37,167.4,165.23
10/24/2024,164.53,12764430,164.59,165.05,162.77
10/23/2024,164.48,12754280,166.43,167.6,163.63
10/22/2024,166.82,11958620,164.7,167.47,164.67
10/21/2024,165.8,11384050,164.58,166.22,164.31
10/18/2024,165.05,13091270,164.87,166.37,164.75
10/17/2024,164.51,15113360,167.38,167.93,164.37
10/16/2024,166.74,9968474,166.03,167.28,165.22
10/15/2024,166.9,14829340,167.14,169.09,166.05
10/14/2024,166.35,9981765,164.91,167.62,164.78
10/11/2024,164.52,10945970,163.33,165.27,162.5
10/10/2024,163.18,12900490,162.11,164.31,161.64
10/9/2024,163.06,19666410,164.86,166.26,161.12
10/8/2024,165.7,11723890,165.43,166.1,164.31
10/7/2024,164.39,14034720,169.14,169.9,164.13
10/4/2024,168.56,11435320,169.34,169.55,166.96
10/3/2024,167.21,11004330,165.82,167.91,165.37
10/2/2024,167.31,12744980,167.76,168.88,166.25
10/1/2024,168.42,18629510,168.86,170.44,165.9
9/30/2024,167.19,14083450,164.78,167.36,164.64
9/27/2024,165.29,13604260,163.91,166.97,163.83
9/26/2024,163.83,18234500,165.03,165.5,163.5
9/25/2024,162.99,13607890,162.97,164.22,162.78
9/24/2024,163.64,18774060,164.25,164.55,162.03
9/23/2024,163.07,15648450,165.34,166.61,162.95
9/20/2024,164.64,46362670,164.52,164.75,163.18
9/19/2024,163.24,17548190,164.82,164.99,162.52
9/18/2024,160.81,16756450,160.85,161.63,159.66
9/17/2024,160.28,12064790,160.09,161.59,159.41
9/16/2024,158.99,14157610,158.33,159.24,157.61
9/13/2024,158.37,16733910,156.36,159.28,156.11
9/12/2024,155.54,21024060,154.81,155.61,153.5
9/11/2024,152.15,18991490,151.09,152.48,148.7
9/10/2024,150.01,20401770,151.45,152.3,149.54
9/9/2024,149.54,28057750,153.63,154.64,148.2
9/6/2024,152.13,24999060,158.69,159.22,151.94
9/5/2024,158.6,14139500,157.78,161.02,157.52
9/4/2024,157.81,17410650,158.08,160.4,157.44
9/3/2024,158.61,26533110,163.32,163.38,157.86
8/30/2024,165.11,18498780,164.22,165.28,163.41
8/29/2024,163.4,17133830,166.06,167.63,161.98
8/28/2024,164.5,15208740,166.78,167.39,163.28
8/27/2024,166.38,13718160,167.61,168.25,166.16
8/26/2024,167.93,11990310,168.16,169.38,166.32
8/23/2024,167.43,14281620,166.55,167.95,165.66
8/22/2024,165.49,19123780,169.04,169.42,165.03
8/21/2024,167.63,15269550,166.99,168.64,166.57
8/20/2024,168.96,12622520,168.74,170.41,168.66
8/19/2024,168.4,13100760,167,168.47,166.09
8/16/2024,164.74,16853140,163.41,166.95,163.08
8/15/2024,163.17,18392450,162.21,163.52,161.49
8/14/2024,162.03,22515900,164.21,164.96,159.53
8/13/2024,165.93,12717630,165.19,166.54,164.77
8/12/2024,163.95,12434970,166,166.7,163.55
8/9/2024,165.39,13549230,161.65,165.52,160.93
8/8/2024,163.84,15733610,162.34,165.5,162.03
8/7/2024,160.75,19334250,163.24,164.79,160.24
8/6/2024,160.54,36146540,160.95,162.35,158.13
8/5/2024,160.64,34907820,157.37,165.94,156.6
8/2/2024,168.4,18907770,168.19,170.21,166.39
8/1/2024,172.45,17177830,171.98,175.68,170.51
7/31/2024,173.15,15650150,174.92,175.91,171.72
7/30/2024,171.86,13681420,171.83,172.95,170.12
7/29/2024,171.13,13768930,170.5,172.16,169.72
7/26/2024,168.68,25150120,168.77,169.84,165.87
7/25/2024,169.16,28967880,174.25,175.2,169.05
7/24/2024,174.37,31250680,175.39,177.95,173.57
7/23/2024,183.6,23772600,183.84,185.22,183.33
7/22/2024,183.35,16303900,182.35,184.3,181.9
7/19/2024,179.39,14485900,180.37,181.97,178.86
7/18/2024,179.22,17877200,183.54,184.05,178.21
7/17/2024,182.62,17376560,184.68,185.23,181.62
7/16/2024,185.5,12760100,188.96,190.34,185.12
7/15/2024,188.19,12186020,186.49,189.9,186.49
7/12/2024,186.78,14449110,186.92,188.69,186.14
7/11/2024,187.3,16451980,191.34,192.41,186.82
7/10/2024,192.66,12052910,190.75,193.31,190.62
7/9/2024,190.44,10224930,191.75,192.86,190.23
7/8/2024,190.48,12097610,191.37,191.68,189.32
7/5/2024,191.96,14303360,187.32,192.26,187.32
7/3/2024,187.39,7409106,186.3,187.62,185.39
7/2/2024,186.61,12555550,183.47,186.95,183.06
7/1/2024,184.49,11815860,184.48,185.34,182.73
6/28/2024,183.42,23032360,185.72,186.58,183.33
6/27/2024,186.86,13025660,185.65,187.5,185.45
6/26/2024,185.37,13375720,184.2,185.93,183.99
6/25/2024,185.58,18917730,181.15,185.75,181.11
6/24/2024,180.79,18198280,181.28,182.08,180.23
6/21/2024,180.26,59728020,178.49,182.51,178.06
6/20/2024,177.71,16753170,176.71,178.74,176.46
6/18/2024,176.45,15640260,178.79,178.91,175.62
6/17/2024,178.78,15272860,176.98,179.92,176.49
6/14/2024,178.37,12361570,175.85,178.73,175.85
6/13/2024,176.74,15956940,177.84,178.51,176.66
6/12/2024,179.56,18600420,179.75,182.08,177.78
6/11/2024,178.19,14402400,177.72,178.39,175.44
6/10/2024,176.63,17122250,176.45,178.47,174.38
6/7/2024,175.95,14716270,178.46,179.42,175.79
6/6/2024,178.35,14255820,177.43,178.71,177.21
6/5/2024,177.07,15233860,176.54,177.97,175.29
6/4/2024,175.13,14066600,174.45,175.19,173.22
6/3/2024,174.42,20742800,173.88,175.86,172.45
5/31/2024,173.96,28085150,173.4,174.42,170.97
5/30/2024,173.56,18844040,176.69,176.69,173.23
5/29/2024,177.4,15023850,176.81,178.23,176.26
5/28/2024,178.02,15655340,175.74,178.51,175.68
5/24/2024,176.33,11403560,176.52,177.3,175.2
5/23/2024,175.06,14928360,178.78,179.91,174.54
5/22/2024,178,16189400,178.4,178.85,176.78
5/21/2024,179.54,14706020,178.4,179.82,177.31
5/20/2024,178.46,17495120,177.31,179.95,177.23
5/17/2024,177.29,16546350,175.55,177.5,174.98
5/16/2024,175.43,17247310,174.6,176.34,174.05
5/15/2024,173.88,20958250,172.3,174.05,172.03
5/14/2024,171.93,18729460,171.59,172.78,170.42
5/13/2024,170.9,19648590,165.85,170.95,165.76
5/10/2024,170.29,18740460,169.69,171.34,167.91
5/9/2024,171.58,11937700,171.15,172.44,169.93
5/8/2024,171.16,14569860,170.75,171.91,170.52
5/7/2024,172.98,21102430,170.12,173.47,170
5/6/2024,169.83,15147910,169.22,169.9,167.89
5/3/2024,168.99,22767060,169.54,169.85,164.98
5/2/2024,168.46,17041120,166.67,168.53,165.69
5/1/2024,165.57,25223250,166.18,168.81,164.9
4/30/2024,164.64,29420760,167.38,169.87,164.5
4/29/2024,167.9,35914560,170.77,171.38,167.06
4/26/2024,173.69,56500790,175.99,176.42,171.4
4/25/2024,157.95,36197790,153.36,158.28,152.77
4/24/2024,161.1,19485690,159.09,161.39,158.82
4/23/2024,159.92,16115410,158.59,160.48,157.97
4/22/2024,157.95,17243870,156.01,159.19,155.66
4/19/2024,155.72,21479880,157.75,157.99,153.91
4/18/2024,157.46,14016070,156.93,158.49,156.21
4/17/2024,156.88,16237750,157.19,158.68,156.14
4/16/2024,156,15413200,155.64,157.23,155.05
4/15/2024,156.33,21140950,160.28,160.83,156.15
4/12/2024,159.19,16989770,159.41,161.7,158.6
4/11/2024,160.79,17841700,158.34,161.12,157.93
4/10/2024,157.66,16339170,157.88,158.16,156.2
4/9/2024,158.14,21538140,157.35,159.89,156.64
4/8/2024,156.14,16641530,154.02,156.66,153.99
4/5/2024,153.94,16297320,151.68,154.84,151.08
4/4/2024,151.94,24184840,155.08,156.18,151.88
4/3/2024,156.37,17266180,154.92,156.55,154.13
4/2/2024,155.87,17598060,154.75,155.99,153.46
4/1/2024,156.5,24469820,151.83,157,151.65
3/28/2024,152.26,21105630,152,152.67,151.33
3/27/2024,151.94,16621960,152.15,152.69,150.13
3/26/2024,151.7,19312690,151.24,153.2,151.03
3/25/2024,151.15,15114730,150.95,151.46,148.8
3/22/2024,151.77,19252930,150.24,152.56,150.09
3/21/2024,148.74,19843920,150.32,151.31,148.01
3/20/2024,149.68,17730000,148.79,149.76,147.67
3/19/2024,147.92,17748370,148.98,149.62,147.01
3/18/2024,148.48,47676690,149.37,152.93,148.14
3/15/2024,142.17,41039490,143.41,144.34,141.13
3/14/2024,144.34,36117910,142.3,144.73,141.49
3/13/2024,140.77,19637000,140.06,142.19,140.01
3/12/2024,139.62,19019700,138.25,140.28,138.21
3/11/2024,138.94,22536370,137.07,139.98,137.07
3/8/2024,136.29,26495160,135.04,138.99,134.8
3/7/2024,135.24,24107280,133.89,135.82,132.66
3/6/2024,132.56,23175200,134.24,134.74,131.95
3/5/2024,133.78,28447550,132.74,134.02,131.55
3/4/2024,134.2,43571510,136.54,136.63,132.86
3/1/2024,138.08,28551530,139.61,140,137.98
2/29/2024,139.78,35485010,138.35,139.95,137.57
2/28/2024,137.43,30628700,139.1,139.28,136.64
2/27/2024,140.1,22363980,139.41,140.49,138.5
2/26/2024,138.75,33513010,143.45,143.84,138.74
2/23/2024,145.29,14519430,144.97,145.96,144.79
2/22/2024,145.32,23024710,146.12,146.2,144.01
2/21/2024,143.84,16499580,142.64,143.98,141.91
2/20/2024,142.2,18625590,140.94,143.33,140.8
2/16/2024,141.76,21865120,144.21,144.48,141.52
2/15/2024,143.94,26724310,144.46,144.76,141.88
2/14/2024,147.14,16651820,147.37,147.83,145.56
2/13/2024,146.37,18138480,146.07,148.04,145.11
2/12/2024,148.73,17236110,149.54,150.59,148.56
2/9/2024,150.22,21877690,147.95,150.7,147.43
2/8/2024,147.22,18241320,146.97,147.61,146.42
2/7/2024,146.68,21436130,146.12,147,145.21
2/6/2024,145.41,21517660,145.96,146.74,144.52
2/5/2024,144.93,29254440,144.04,146.67,143.91
2/2/2024,143.54,42136130,140.89,143.88,138.17
2/1/2024,142.71,25526860,143.69,144.62,142.26
1/31/2024,141.8,43908580,145.39,145.59,141.55
1/30/2024,153.05,26578930,154.01,155.04,152.78
1/29/2024,154.84,20909260,153.64,155.2,152.92
1/26/2024,153.79,19494490,152.87,154.11,152.8
1/25/2024,153.64,21495120,151.74,154.76,151.22
1/24/2024,150.35,19245030,150.29,151.57,149.84
1/23/2024,148.68,14113650,147.72,148.86,147.19
1/22/2024,147.71,21829230,148.71,150.02,147.58
1/19/2024,147.97,27181030,146.31,148.04,145.8
1/18/2024,144.99,18876800,143.44,145.59,143.35
1/17/2024,142.89,17884550,142.91,143.41,140.51
1/16/2024,144.08,19198940,143.43,145.84,143.06
1/12/2024,144.24,13998730,144.34,144.74,143.36
1/11/2024,143.67,17471130,144.9,146.66,142.22
1/10/2024,143.8,16641880,142.52,144.53,142.46
1/9/2024,142.56,19579670,140.06,142.8,139.79
1/8/2024,140.53,17645290,138,140.64,137.88
1/5/2024,137.39,15439480,138.35,138.81,136.85
1/4/2024,138.04,18253330,139.85,140.64,138.01
1/3/2024,140.36,18974310,138.6,141.09,138.43
1/2/2024,139.56,20071890,139.6,140.61,137.74
12/29/2023,140.93,14880960,140.68,141.44,139.9
12/28/2023,141.28,12192550,141.85,142.27,140.83
12/27/2023,141.44,17288360,142.83,143.32,141.05
12/26/2023,142.82,11170070,142.98,143.95,142.5
12/22/2023,142.72,18513520,142.13,143.25,142.06
12/21/2023,141.8,18101480,140.77,142.03,140.47
12/20/2023,139.66,33507340,140.33,143.08,139.41
12/19/2023,138.1,20661000,138,138.77,137.45
12/18/2023,137.19,25699770,133.86,138.38,133.77
12/15/2023,133.84,58594000,132.92,134.83,132.63
12/14/2023,133.2,29619100,134.77,135.04,131.06
12/13/2023,133.97,25414460,134.55,134.78,132.95
12/12/2023,133.64,26583980,133.27,134.54,132.83
12/11/2023,134.7,24502860,133.82,134.79,132.89
12/8/2023,136.64,23016140,135.66,137.99,135.57
12/7/2023,138.45,38419430,136.6,140,136.23
12/6/2023,131.43,16360650,132.9,133.31,131.31
12/5/2023,132.39,19235150,130.37,133.54,129.73
12/4/2023,130.63,24117080,131.29,131.45,129.4
12/1/2023,133.32,24267990,133.32,133.5,132.15
11/30/2023,133.92,29913530,136.4,136.96,132.79
11/29/2023,136.4,21014720,138.99,139.67,136.3
11/28/2023,138.62,17046870,137.63,138.66,137.04
11/27/2023,138.05,17886390,137.57,139.63,137.54
11/24/2023,138.22,8828640,139.54,139.68,137.47
11/22/2023,140.02,17310210,139.1,141.1,139
11/21/2023,138.62,17648070,137.94,138.97,137.71
11/20/2023,137.92,19589010,135.5,138.43,135.49
11/17/2023,136.94,25590190,137.82,138,135.48
11/16/2023,138.7,17615070,136.96,138.88,136.08
11/15/2023,136.38,15840880,136.64,136.84,135.33
11/14/2023,135.43,22317350,135.65,137.24,135.1
11/13/2023,133.64,16409860,133.36,134.11,132.77
11/10/2023,134.06,20879840,131.53,134.27,130.87
11/9/2023,131.69,17976530,133.36,133.96,131.51
11/8/2023,133.26,15093600,132.36,133.54,132.16
11/7/2023,132.4,19223790,131.98,133.28,131.14
11/6/2023,131.45,15360360,130.22,131.56,129.93
11/3/2023,130.37,19529450,129.09,130.73,129.01
11/2/2023,128.58,24091670,129.56,130.09,128.11
11/1/2023,127.57,26536600,125.34,127.74,124.93
10/31/2023,125.3,21123420,126.27,126.56,123.93
10/30/2023,125.75,24165630,124.46,126.55,123.88
10/27/2023,123.4,37367670,124.03,124.44,121.46
10/26/2023,123.44,33907360,124.47,125.46,122.32
10/25/2023,126.67,58796070,129.77,130.1,126.09
10/24/2023,140.12,26535200,139.16,140.71,138.75
10/23/2023,137.9,20780670,136.23,139.02,135.11
10/20/2023,136.74,24970260,138.59,139.04,136.25
10/19/2023,138.98,21831180,139.8,141.01,138.6
10/18/2023,139.28,18304870,140.75,141.99,138.71
10/17/2023,140.99,17424020,140.03,141.25,138.53
10/16/2023,140.49,17345560,139.73,140.91,139.32
10/13/2023,138.58,19447570,140.65,141.34,137.97
10/12/2023,140.29,18173110,142.16,142.38,139.45
10/11/2023,141.7,20146340,139.85,142.22,139.84
10/10/2023,139.2,19554920,139.51,140.74,138.43
10/9/2023,139.5,16599100,137.99,139.97,136.7
10/6/2023,138.73,20826680,134.94,139.19,134.94
10/5/2023,135.99,15922940,136.13,136.5,134.46
10/4/2023,136.27,22847990,133.66,136.57,133.43
10/3/2023,133.3,19628740,134.93,135.24,132.82
10/2/2023,135.17,19210390,132.16,135.36,132.07
9/29/2023,131.85,23237340,134.08,134.89,131.32
9/28/2023,133.13,18201390,130.69,134.18,130.69
9/27/2023,131.46,18764200,129.44,131.72,129.38
9/26/2023,129.45,20378790,130.91,131.41,128.19
9/25/2023,132.17,14650030,130.77,132.22,130.03
9/22/2023,131.25,17355280,131.68,133.01,130.51
9/21/2023,131.36,22058380,132.39,133.19,131.09
9/20/2023,134.59,21473530,138.83,138.84,134.52
9/19/2023,138.83,15484640,138.25,139.18,137.5
9/18/2023,138.96,16233590,137.63,139.93,137.63
9/15/2023,138.3,48958840,138.8,139.36,137.18
9/14/2023,138.99,19064610,138.39,139.55,137.06
9/13/2023,137.5,16394920,135.9,137.7,134.93
9/12/2023,136.07,15212930,137.13,137.64,135.93
9/11/2023,137.74,17180760,137.38,138.26,136.55
9/8/2023,137.2,17820010,135.87,137.52,135.87
9/7/2023,136.2,16975960,134.6,136.58,133.96
9/6/2023,135.37,15814330,137.02,137.48,134.69
9/5/2023,136.71,17730220,136.44,137.37,135.56
9/1/2023,136.8,16671650,138.43,138.58,135.94
8/31/2023,137.35,28147850,137.05,138.4,136.82
8/30/2023,136.93,21773360,135.57,137.25,135.02
8/29/2023,135.49,30803270,133,137.3,132.98
8/28/2023,131.79,16715470,132.08,133.24,130.85
8/25/2023,130.69,20678100,130.14,131.4,128.04
8/24/2023,130.42,18680380,134.73,134.97,130.3
8/23/2023,133.21,26497030,130.85,134.07,130.51
8/22/2023,129.69,15569370,129.13,130.95,128.93
8/21/2023,128.93,21851070,127.85,129.26,127.16
8/18/2023,128.11,23627200,129.06,129.83,127
8/17/2023,130.46,23665560,130.45,132.49,129.85
8/16/2023,129.11,17548360,129.28,130.9,128.46
8/15/2023,130.27,14769170,131.59,131.99,129.82
8/14/2023,131.83,17526200,129.85,131.91,129.59
8/11/2023,130.17,15205470,129.2,130.44,128.75
8/10/2023,130.21,17855680,131.97,132.65,130.04
8/9/2023,130.15,17745220,132.19,132.47,129.51
8/8/2023,131.84,16835950,130.98,131.94,130.13
8/7/2023,131.94,17621040,129.51,132.06,129.43
8/4/2023,128.54,20521850,129.6,131.93,128.32
8/3/2023,128.77,15086130,128.37,129.77,127.78
8/2/2023,128.64,22705780,129.84,130.42,127.85
8/1/2023,131.89,22219010,130.86,132.92,130.75
7/31/2023,133.11,18381890,133.01,133.83,132.13
7/28/2023,133.01,26971010,130.97,134.07,130.92
7/27/2023,129.87,35931610,131.8,133.6,129.18
7/26/2023,129.66,46216900,130.36,131.37,128.71
7/25/2023,122.79,31820850,121.88,123.69,121.53
7/24/2023,121.88,22312220,121.93,123.35,121.38
7/21/2023,120.31,56514650,120.87,121.3,119.07
7/20/2023,119.53,27541710,122.12,124.7,118.69
7/19/2023,122.78,22313800,124.79,125.47,122.47
7/18/2023,124.08,21071250,124.91,124.99,123.3
7/17/2023,125.06,20675300,126.06,127.28,124.5
7/14/2023,125.7,20499780,125.13,127.09,124.9
7/13/2023,124.83,31535850,121.54,125.34,121.06
7/12/2023,119.62,22059610,119.3,120.96,119
7/11/2023,117.71,18286570,116.76,118.23,115.83
7/10/2023,116.87,32960080,119.07,119.07,116.64
7/7/2023,120.14,20997670,120.89,121.75,120.09
7/6/2023,120.93,17750180,120.64,121.15,119.25
7/5/2023,122.63,17830350,120.06,123.37,120.06
7/3/2023,120.56,13871720,120.32,121.02,119.71
6/30/2023,120.97,23871760,121.1,122.03,120.88
6/29/2023,120.01,18517460,120.09,120.91,119.21
6/28/2023,121.08,19753150,117.96,121.27,117.6
6/27/2023,119.01,27221710,117.84,119.9,116.91
6/26/2023,119.09,23184960,121.47,122.72,118.99
6/23/2023,123.02,29573120,122.04,123.44,121.86
6/22/2023,123.87,20781890,120.66,123.94,119.6
6/21/2023,121.26,22612000,123.24,123.41,120.86
6/20/2023,123.85,22698030,123.54,125.18,122.83
6/16/2023,124.06,56699200,126.7,126.7,123.79
6/15/2023,125.79,24517070,123.88,126.16,123.14
6/14/2023,124.38,24659620,123.8,124.79,122.16
6/13/2023,124.43,19287650,125.65,125.86,123.85
6/12/2023,124.35,22289630,123.4,124.75,122.35
6/9/2023,122.87,20313680,122.56,124.29,122.42
6/8/2023,122.67,24815000,122.59,123.73,122.01
6/7/2023,122.94,34179350,127.58,129.55,122.63
6/6/2023,127.91,19450130,126.6,128.88,125.97
6/5/2023,126.63,22672520,124.61,127.99,124.38
6/2/2023,125.23,19367450,124.49,126.75,124.35
6/1/2023,124.37,25017670,123.5,125.04,123.3
5/31/2023,123.37,41548760,123.7,124.9,123.1
5/30/2023,124.64,27230730,126.29,126.38,122.89
5/26/2023,125.43,25169040,124.07,126,123.29
5/25/2023,124.35,33812730,125.21,125.98,122.9
5/24/2023,121.64,23087930,121.88,122.75,120.75
5/23/2023,123.29,24477950,124.93,125.42,123.05
5/22/2023,125.87,29760240,123.51,127.05,123.45
5/19/2023,123.25,30268860,124.2,126.48,122.72
5/18/2023,123.52,27014470,121.56,123.9,121.49
5/17/2023,121.48,26659560,120.18,122.28,119.46
5/16/2023,120.09,32370110,116.83,121.2,116.83
5/15/2023,116.96,22107870,116.49,118.8,116.48
5/12/2023,117.92,31293780,117,118.26,116.55
5/11/2023,116.9,57115080,115.86,118.44,114.93
5/10/2023,112.28,47533460,108.55,113.51,108.48
5/9/2023,107.94,24782440,108.78,110.6,107.73
5/8/2023,108.24,17266020,105.8,108.42,105.79
5/5/2023,106.22,20710630,105.32,106.44,104.74
5/4/2023,105.21,19780640,106.16,106.3,104.7
5/3/2023,106.12,17116330,106.22,108.13,105.62
5/2/2023,105.98,20343120,107.66,107.73,104.5
5/1/2023,107.71,20926260,107.72,108.68,107.5
4/28/2023,108.22,23957870,107.8,108.29,106.04
4/27/2023,108.37,38235220,105.23,109.15,104.42
4/26/2023,104.45,37068170,105.56,107.02,103.27
4/25/2023,104.61,31408120,106.61,107.44,104.56
4/24/2023,106.78,21410910,106.05,107.32,105.36
4/21/2023,105.91,22379020,106.09,106.64,105.49
4/20/2023,105.9,22515330,104.65,106.89,104.64
4/19/2023,105.02,16732020,104.22,105.73,103.8
4/18/2023,105.12,17641370,107,107.05,104.78
4/17/2023,106.42,29043440,105.43,106.71,105.32
4/14/2023,109.46,20758690,107.69,109.58,107.59
4/13/2023,108.19,21650750,106.47,108.27,106.44
4/12/2023,105.22,22761570,107.39,107.59,104.97
4/11/2023,106.12,18721280,106.92,107.22,105.28
4/10/2023,106.95,19741520,107.39,107.97,105.6
4/6/2023,108.9,34684150,105.77,109.63,104.82
4/5/2023,104.95,21864200,106.12,106.54,104.1
4/4/2023,105.12,20377230,104.84,106.1,104.6
4/3/2023,104.91,20719860,102.67,104.95,102.38
3/31/2023,104,28107950,101.71,104.19,101.44
3/30/2023,101.32,25009830,101.44,101.61,100.29
3/29/2023,101.9,26148300,102.72,102.82,101.03
3/28/2023,101.36,24913480,103,103,100.28
3/27/2023,103.06,25393420,105.32,105.4,102.63
3/24/2023,106.06,25245010,105.74,106.16,104.74
3/23/2023,106.26,31385820,105.89,107.1,105.41
3/22/2023,104.22,32336880,105.14,107.51,104.21
3/21/2023,105.84,33122800,101.98,105.96,101.86
3/20/2023,101.93,26033920,101.06,102.58,100.79
3/17/2023,102.46,76140310,100.84,103.49,100.75
3/16/2023,101.07,54588200,96.57,101.97,95.87
3/15/2023,96.55,38367330,93.54,97.25,93.04
3/14/2023,94.25,32303880,93.07,94.83,92.78
3/13/2023,91.66,31508570,90.57,93.08,89.94
3/10/2023,91.01,32850090,92.5,93.18,90.8
3/9/2023,92.66,24438890,94.49,95.92,92.36
3/8/2023,94.65,25395200,94.41,96.24,94.41
3/7/2023,94.17,24101540,95.42,96.09,93.84
3/6/2023,95.58,28288210,94.36,96.3,94.3
3/3/2023,94.02,30242540,92.74,94.11,92.66
3/2/2023,92.31,23344560,89.86,92.48,89.77
3/1/2023,90.51,26323880,90.16,91.2,89.85
2/28/2023,90.3,30546910,89.54,91.45,89.52
2/27/2023,90.1,22724260,90.09,90.45,89.61
2/24/2023,89.35,31295620,89.63,90.13,88.86
2/23/2023,91.07,32423720,92.13,92.13,90.01
2/22/2023,91.8,29891140,91.93,92.36,90.87
2/21/2023,92.05,28367200,93.24,93.41,92
2/17/2023,94.59,31095070,95.07,95.75,93.45
2/16/2023,95.78,35642110,95.54,97.88,94.97
2/15/2023,97.1,37029890,94.74,97.34,94.36
2/14/2023,94.95,42513080,94.66,95.18,92.65
2/13/2023,95,43116560,95.01,95.35,94.05
2/10/2023,94.86,49325280,95.74,97.02,94.53
2/9/2023,95.46,97798570,100.54,100.61,93.86
2/8/2023,100,73546030,102.69,103.58,98.46
2/7/2023,108.04,33738830,103.63,108.67,103.55
2/6/2023,103.47,25573050,102.69,104.7,102.21
2/3/2023,105.22,36823420,103.51,108.02,103.3
2/2/2023,108.8,46622630,106.79,108.82,106.54
2/1/2023,101.43,26392570,99.74,102.19,98.42
1/31/2023,99.87,22306780,97.86,99.91,97.79
1/30/2023,97.95,24365140,98.75,99.41,97.52
1/27/2023,100.71,29020350,99.05,101.58,98.97
1/26/2023,99.16,24542060,98.28,99.21,96.82
1/25/2023,96.73,31000850,97.2,97.72,95.26
1/24/2023,99.21,27391370,99.55,101.09,98.7
1/23/2023,101.21,31791780,99.13,101.4,98.75
1/20/2023,99.28,53704760,95.95,99.42,95.91
1/19/2023,93.91,28707650,91.39,94.4,91.38
1/18/2023,91.78,19641620,92.94,93.59,91.4
1/17/2023,92.16,22935820,92.78,92.97,90.84
1/13/2023,92.8,18630710,91.53,92.98,90.93
1/12/2023,91.91,22754220,92.4,92.62,90.57
1/11/2023,92.26,25998840,90.06,92.45,89.74
1/10/2023,89.24,22855590,86.72,89.48,86.7
1/9/2023,88.8,22996680,89.2,90.83,88.58
1/6/2023,88.16,26612630,87.36,88.47,85.57
1/5/2023,86.77,23136080,88.07,88.21,86.56
1/4/2023,88.71,27046480,91.01,91.24,87.8
1/3/2023,89.7,20738460,89.83,91.55,89.02
12/30/2022,88.73,19190300,87.37,88.83,87.03
12/29/2022,88.95,18280660,87.03,89.37,86.99
12/28/2022,86.46,17879570,87.5,88.52,86.37
12/27/2022,87.93,15470870,89.31,89.5,87.54
12/23/2022,89.81,17815010,87.62,90.1,87.62
12/22/2022,88.26,23656070,88.93,89.18,86.94
12/21/2022,90.25,20336390,89.73,90.92,88.91
12/20/2022,89.63,21976850,88.73,89.78,88.04
12/19/2022,89.15,23020540,90.88,91.2,88.93
12/16/2022,90.86,48485510,91.2,91.75,90.01
12/15/2022,91.2,28298760,93.54,94.03,90.43
12/14/2022,95.31,26452940,95.54,97.22,93.94
12/13/2022,95.85,34788520,98.07,99.8,95.38
12/12/2022,93.56,27380950,93.09,93.87,91.9
12/9/2022,93.07,21885310,93.9,94.49,93.02
12/8/2022,93.95,25593230,95.69,95.87,93.8
12/7/2022,95.15,26647880,96.77,97.31,95.03
12/6/2022,97.31,20877620,99.67,100.21,96.76
12/5/2022,99.87,19955550,99.82,101.75,99.36
12/2/2022,100.83,18821530,99.37,101.15,99.17
12/1/2022,101.28,21771540,101.4,102.59,100.67
11/30/2022,101.45,39888070,95.12,101.45,94.67
11/29/2022,95.44,20220010,96,96.39,94.39
11/28/2022,96.25,19981970,97.2,97.83,95.89
11/25/2022,97.6,8567819,98.47,98.94,97.53
11/23/2022,98.82,17568860,97.34,99.07,97.34
11/22/2022,97.33,18868850,96.16,97.55,94.41
11/21/2022,95.83,18696870,97.56,98.72,95.67
11/18/2022,97.8,24969880,99.01,99.16,96.74
11/17/2022,98.5,21818730,97.18,99.48,97.1
11/16/2022,98.99,24660200,98.02,99.85,97.9
11/15/2022,98.72,31830970,98.67,100.42,97.02
11/14/2022,96.03,24170080,95.5,97.18,95.11
11/11/2022,96.73,30569110,94.71,97.36,94.16
11/10/2022,94.17,42371220,92.34,94.55,91.65
11/9/2022,87.4,26743880,88.55,89.49,87.36
11/8/2022,88.91,30172000,89.16,90.41,87.65
11/7/2022,88.65,26899880,87.34,88.94,86.96
11/4/2022,86.7,40173280,85.51,86.73,83.88
11/3/2022,83.49,48510360,86.35,86.55,83.45
11/2/2022,87.07,43553550,90.91,91.3,87.01
11/1/2022,90.5,43220600,95.59,96.17,90.43
10/31/2022,94.66,29868710,95.78,96.35,94.38
10/28/2022,96.58,35696930,92.53,96.86,92.32
10/27/2022,92.6,54036490,94.31,95.17,91.9
10/26/2022,94.82,71671810,96.76,98.54,94.57
10/25/2022,104.93,29910170,103.3,105.1,103.02
10/24/2022,102.97,24680830,102.09,103.1,100.3
10/21/2022,101.48,28988730,98.46,101.62,98.23
10/20/2022,100.53,25125080,100.82,103,99.97
10/19/2022,100.29,21573690,100.7,101.66,99.64
10/18/2022,101.39,21610540,103.94,104.22,100.65
10/17/2022,100.78,23311600,99.52,101.77,99.51
10/14/2022,97.18,22624830,100.63,101.29,97.03
10/13/2022,99.71,32812220,95.93,100.53,95.27
10/12/2022,98.3,17343430,98.27,99.65,97.67
10/11/2022,98.05,21617730,98.25,100.12,97.25
10/10/2022,98.71,16529900,99.85,99.99,97.87
10/7/2022,99.57,24249910,100.65,101.42,99.21
10/6/2022,102.24,17156240,101.5,103.73,101.5
10/5/2022,102.22,18475520,100.69,102.74,99.74
10/4/2022,102.41,22580930,101.04,102.72,101.04
10/3/2022,99.3,24840030,97.22,99.97,97.02
9/30/2022,96.15,26277830,97.73,99.49,96.03
9/29/2022,98.09,21921520,99.3,99.3,96.52
9/28/2022,100.74,24617000,98.02,101.4,97.8
9/27/2022,98.09,24224990,99.91,100.46,97.34
9/26/2022,98.81,22437940,98.61,100.44,98.38
9/23/2022,99.17,25656960,100.06,100.11,98.01
9/22/2022,100.57,21272680,99.45,101.68,99.41
9/21/2022,100.01,26596760,102.24,103.49,99.99
9/20/2022,101.83,24001670,102.88,103.17,101.12
9/19/2022,103.85,19738600,102.54,104.02,102.37
9/16/2022,103.63,64540120,102.97,104.03,101.86
9/15/2022,103.9,26494930,105.01,106.21,103.31
9/14/2022,105.87,22115810,105.44,106.1,104.5
9/13/2022,105.31,33014990,108.89,109.37,105
9/12/2022,111.87,19732910,111.99,112.64,110.93
9/9/2022,111.78,21745030,110.05,112,110
9/8/2022,109.42,21660650,109.18,110.58,108.06
9/7/2022,110.48,22987180,107.76,110.99,107.62
9/6/2022,107.48,20565050,108.14,108.88,106.51
9/2/2022,108.68,20618080,111.34,111.68,108.13
9/1/2022,110.55,22784390,109.2,111.22,108.19
8/31/2022,109.15,25897980,111.63,111.77,109.05
8/30/2022,109.91,20548200,111.03,111.37,108.8
8/29/2022,110.34,20386140,110.78,111.96,109.81
8/26/2022,111.3,31698670,115.81,116.6,111.22
8/25/2022,117.7,14874670,115.15,117.78,115.05
8/24/2022,114.7,16051170,114.45,115.72,113.78
8/23/2022,114.77,14390690,114.32,115.93,114.3
8/22/2022,115.07,19316020,116.1,116.5,114.67
8/19/2022,118.12,20186980,119.87,120,117.67
8/18/2022,120.86,15652030,120.23,121.69,119.55
8/17/2022,120.32,17589160,120.93,122.15,120.2
8/16/2022,122.51,15626170,122.32,123.23,121.54
8/15/2022,122.88,15524950,122.21,123.26,121.57
8/12/2022,122.65,16121090,121.16,122.65,120.4
8/11/2022,119.82,16671630,122.08,122.34,119.55
8/10/2022,120.65,20497020,119.59,121.78,119.36
8/9/2022,117.5,15424260,117.99,118.2,116.56
8/8/2022,118.14,17061110,119.12,120.86,117.83
8/5/2022,118.22,15615660,116.93,118.86,116.71
8/4/2022,118.87,15757700,118.3,119.5,117.71
8/3/2022,118.78,25302820,116.34,119.42,116.15
8/2/2022,115.9,17911040,114.43,117.08,114.26
8/1/2022,115.48,22856200,115.53,117.12,114.69
7/29/2022,116.64,31336180,113.4,116.9,113.23
7/28/2022,114.59,23303840,112.8,114.7,111.85
7/27/2022,113.6,41474620,109.6,114.4,108.42
7/26/2022,105.44,36626630,107.43,107.74,104.76
7/25/2022,108.21,28289940,108.88,110.58,107.01
7/22/2022,108.36,44455300,111.81,113.18,107.6
7/21/2022,115.04,27267850,115.09,115.21,111.91
7/20/2022,114.7,26780090,114.06,116.33,113.26
7/19/2022,114.62,30992330,111.73,114.81,110.5
7/18/2022,109.91,33353990,113.44,114.8,109.3
7/15/2022,112.77,34330760,112.96,114,111.82
7/14/2022,111.44,32365540,110.83,111.99,109.33
7/13/2022,112.19,38958860,112.64,115.16,111.82
7/12/2022,114.85,24970160,116.84,117.85,114.62
7/11/2022,116.52,26830460,118.65,118.79,116.23
7/8/2022,120.17,29082200,117.55,120.44,117.51
7/7/2022,119.31,32183940,116.01,119.86,115.53
7/6/2022,115.21,28852680,114.09,116.35,112.25
7/5/2022,113.89,36429380,107.51,114.05,106.25
7/1/2022,109.08,31027880,108.34,109.81,107.11
6/30/2022,109.37,38046040,110.5,111.33,107.31
6/29/2022,112.26,18627860,112.15,113.66,111.55
6/28/2022,112.57,28316220,116.35,117.86,112.44
6/27/2022,116.62,32839300,118.94,119.25,116
6/24/2022,118.54,39122760,113.6,118.64,113.6
6/23/2022,112.68,24709720,112.95,113.2,111.03
6/22/2022,112.03,23921720,111.16,113.77,110.72
6/21/2022,112.02,39010280,109.7,112.67,109.29
6/17/2022,107.87,43516660,106.54,109.25,105.63
6/16/2022,106.64,35313240,108.15,109.29,105.79
6/15/2022,110.39,33192020,108.9,112.06,108.12
6/14/2022,107.19,25480940,106.89,108.46,106.35
6/13/2022,106.88,36756200,107.45,109.22,106.59
6/10/2022,111.43,31349740,112.78,113.5,110.86
6/9/2022,114.92,23141600,116.34,118.35,114.87
6/8/2022,117.24,22544260,116.88,118.65,116.7
6/7/2022,117.23,26413540,115.65,117.75,115.13
6/6/2022,117.01,23786720,116.74,119.4,116.53
6/3/2022,114.56,24952080,115.99,116.36,113.67
6/2/2022,117.75,27495400,114.19,117.9,113.31
6/1/2022,114.14,28629280,114.93,117.4,113.55
5/31/2022,114.04,51301920,113.08,116.43,112.57
5/27/2022,112.8,29924420,109.79,112.87,109.55
5/26/2022,108.3,30287480,106.05,108.96,105.49
5/25/2022,105.84,37899340,105.14,106.54,104.21
5/24/2022,105.93,60386380,106.38,106.4,102.21
5/23/2022,111.67,31558220,110.1,112.01,109.15
5/20/2022,109.31,37586020,112.09,112.55,106.37
5/19/2022,110.75,29191740,111.84,113.59,110.47
5/18/2022,112.4,27982760,115.24,115.7,112.14
5/17/2022,116.7,21576080,117.23,117.23,115.34
5/16/2022,114.79,23282380,115.38,116.61,114.34
5/13/2022,116.52,29737560,114.85,118.09,114
5/12/2022,113.16,41464880,111.94,114.86,110.11
5/11/2022,113.96,36501640,113.71,116.67,113.65
5/10/2022,114.58,31157780,116.04,116.69,113.38
5/9/2022,113.08,34520960,113.3,115.56,112.55
5/6/2022,115.66,35309480,115.52,117.5,114.14
5/5/2022,116.75,43089040,120.22,121.23,115.18
5/4/2022,122.58,33231460,118,123.14,115.74
5/3/2022,118.13,21215740,116.77,119.3,116.63
5/2/2022,117.16,30279640,113.91,117.34,113.4
4/29/2022,114.97,33693100,117.58,118.96,114.69
4/28/2022,119.41,36790940,117.12,120.44,115.14
4/27/2022,115.02,62238120,114.37,117.5,113.12
4/26/2022,119.51,49393040,122.75,122.75,119.16
4/25/2022,123.25,34521800,119.43,123.28,118.77
4/22/2022,119.61,46410300,125,125.45,119.14
4/21/2022,124.94,30157540,129.35,130.31,124.65
4/20/2022,128.25,22609380,131.28,131.92,127.89
4/19/2022,130.53,22719300,128.08,130.9,127.45
4/18/2022,127.96,14917200,127.41,128.71,126.58
4/14/2022,127.25,23483360,130.65,130.71,127.11
4/13/2022,130.29,19542960,128.63,130.66,128.44
4/12/2022,128.37,23003220,132.42,132.42,127.58
4/11/2022,129.8,24187340,132.9,132.94,129.62
4/8/2022,134.01,16434480,136.25,136.25,133.75
4/7/2022,136.47,19448540,136.62,137.7,134.86
4/6/2022,137.18,23574600,139.16,139.85,136.42
4/5/2022,141.06,19255560,143.4,143.59,140.94
4/4/2022,143.64,19084900,140.82,144.04,140.82
4/1/2022,140.7,23480020,140.01,140.95,138.8
3/31/2022,139.65,29516320,142.45,142.64,139.62
3/30/2022,142.64,21046380,142.87,143.48,142.17
3/29/2022,143.25,28678420,143.16,144.16,142.48
3/28/2022,141.95,23773080,140.68,141.98,139.83
3/25/2022,141.52,19289080,141.75,141.96,139.7
3/24/2022,141.31,20544720,139.27,141.4,138.04
3/23/2022,138.5,25302320,139.14,140.03,138.17
3/22/2022,140.28,29776860,136.5,141.5,136.5
3/21/2022,136.48,26632460,136.85,137.58,134.61
3/18/2022,136.8,45899700,133.88,136.91,132.93
3/17/2022,134.6,23994380,133.32,134.74,132.72
3/16/2022,133.69,32058200,131,133.77,129.2
3/15/2022,129.66,30292600,127.74,130.52,126.57
3/14/2022,126.74,30253860,130.57,131.03,126.41
3/11/2022,130.48,26599800,134,134.2,130.3
3/10/2022,132.68,24265200,131.46,133.54,131.4
3/9/2022,133.87,32257440,131.4,134.2,130.09
3/8/2022,127.28,35249560,126.25,131.25,125.86
3/7/2022,126.46,39177900,131.9,131.9,126.41
3/4/2022,132.12,24472240,133.38,134.2,130.41
3/3/2022,134.31,19779300,135.98,136.71,133.43
3/2/2022,134.75,23966740,134.61,135.62,133.43
3/1/2022,134.17,24639920,134.48,136.11,133.38
2/28/2022,134.89,29675680,133.28,135.64,132.83
2/25/2022,134.52,26235860,133.53,135.39,131.77
2/24/2022,132.67,43165080,125,133.04,124.76
2/23/2022,127.59,26431280,131.08,131.75,127.5
2/22/2022,129.4,38906580,129.99,131.9,127.74
2/18/2022,130.47,31858600,133.04,133.82,130.31
2/17/2022,132.31,30968120,136.15,136.84,132.2
2/16/2022,137.49,25609660,136.43,137.95,134.82
2/15/2022,136.43,26577560,137.47,137.9,135.54
2/14/2022,135.3,26792800,133.37,136.17,133.3
2/11/2022,134.13,38808800,138.75,139.28,133.29
2/10/2022,138.6,33017700,139.5,141.43,138.05
2/9/2022,141.45,28627160,140.85,142.18,140.38
2/8/2022,139.21,34255040,138.99,139.84,136.87
2/7/2022,138.94,44610740,143.71,143.85,138.7
2/4/2022,143.02,49224400,143.02,144.54,139.82
2/3/2022,142.65,56930140,145.3,149.12,142.21
2/2/2022,148.04,89750760,151.86,152.1,145.56
2/1/2022,137.88,51203200,137.84,138.2,134.57
1/31/2022,135.7,34055560,134.2,135.84,132.27
1/28/2022,133.29,30517560,130,133.37,128.69
1/27/2022,129.12,30285020,131.36,132.61,128.95
1/26/2022,129.24,39630880,130.59,132.81,127.15
1/25/2022,126.74,36008600,128.44,129.34,126.38
1/24/2022,130.37,55292040,126.03,130.78,124.64
1/21/2022,130.09,41919220,133.01,134.76,130
1/20/2022,133.51,21930560,136.51,137.91,133.14
1/19/2022,135.65,20795280,136.94,138.4,135.5
1/18/2022,136.29,27401960,136.6,137.39,135.62
1/14/2022,139.79,23825920,137.5,141.2,137.5
1/13/2022,139.13,26565080,141.84,143.19,138.91
1/12/2022,141.65,23641580,141.55,142.81,141.11
1/11/2022,140.02,23501240,138.18,140.33,136.81
1/10/2022,138.57,34095680,135.1,138.64,133.14
1/7/2022,137,19408240,137.91,138.25,135.79
1/6/2022,137.55,29049040,137.5,139.69,136.76
1/5/2022,137.65,49641520,144.18,144.3,137.52
1/4/2022,144.42,22927780,145.55,146.61,143.82
1/3/2022,145.07,25224500,144.48,145.55,143.5
12/31/2021,144.68,17297700,145.54,146.37,144.68
12/30/2021,146,12977020,146.45,147.06,145.76
12/29/2021,146.5,17024720,146.43,147.18,145.5
12/28/2021,146.45,18635840,148.37,148.37,145.94
12/27/2021,148.06,13259320,147.46,148.43,147.25
12/23/2021,147.14,13818680,147.09,148.57,146.95
12/22/2021,146.95,18440480,144.1,147.3,143.96
12/21/2021,144.22,19551940,143.15,144.69,141.74
12/20/2021,142.4,20263520,140.68,142.61,140.25
12/17/2021,142.8,43404700,142.71,144.46,141.79
12/16/2021,144.84,27399740,148.08,148.55,144.09
12/15/2021,147.37,27280960,144.37,147.52,142.71
12/14/2021,144.97,24778800,144.77,145.44,142.24
12/13/2021,146.7,24103920,148.44,148.56,146.36
12/10/2021,148.68,21638460,149.1,149.4,147.36
12/9/2021,148.11,18580600,148.18,149.61,147.53
12/8/2021,148.72,18963940,148.33,149.16,147.2
12/7/2021,148.04,23258280,145.95,148.3,145.7
12/6/2021,143.8,22197700,143.57,144.35,140.65
12/3/2021,142.52,26687480,144.5,145.21,141.15
12/2/2021,143.78,21250700,141.82,144.68,140.98
12/1/2021,141.62,28545780,144.21,146.5,141.5
11/30/2021,142.45,41590520,145.45,146.63,142.07
11/29/2021,146.11,26276120,144.3,146.86,144.3
11/26/2021,142.81,16992120,145.02,145.3,142.49
11/24/2021,146.72,16464060,146.35,147,145.2
11/23/2021,146.76,18133140,147.11,147.69,144.89
11/22/2021,147.08,24627700,150.14,150.74,147.01
11/19/2021,149.95,19782960,151,151.85,149.89
11/18/2021,150.71,26682400,149.15,151.61,149
11/17/2021,149.06,15290820,149.23,149.63,148.56
11/16/2021,149.08,17254860,149.17,149.83,148.35
11/15/2021,149.39,16247340,150,150.48,148.65
11/12/2021,149.65,17047660,147.83,149.86,146.45
11/11/2021,146.75,12463100,147.11,148.5,146.69
11/10/2021,146.63,22708320,148.01,148.7,145.33
11/9/2021,149.25,16875560,149.75,150.38,147.51
11/8/2021,149.35,18388140,150,151.03,149.12
11/5/2021,149.24,20408140,149.35,150.57,148.65
11/4/2021,148.68,24700800,147.2,149.95,146.64
11/3/2021,146.79,17886600,146.28,146.91,145.05
11/2/2021,145.86,21150580,144.81,146.92,144.64
11/1/2021,143.77,32272100,148.17,148.4,143.58
10/29/2021,148.27,28954500,145.52,148.61,145.17
10/28/2021,146.13,32418060,147.3,147.42,144.76
10/27/2021,146.43,51850920,139.9,149.12,139.9
10/26/2021,139.67,28258740,140.61,140.84,139.01
10/25/2021,138.77,21081700,138.81,139.21,136.75
10/22/2021,138.63,30182640,140.35,141.56,137.17
10/21/2021,142.78,14849920,142.19,142.85,141.64
10/20/2021,142.42,17939500,144.22,144.25,141.91
10/19/2021,143.82,15315840,143.29,144.11,143.1
10/18/2021,142.96,16567200,141.21,143,141.21
10/15/2021,141.68,21253360,142.2,142.2,141.06
10/14/2021,141.41,21437560,139.95,141.65,139.34
10/13/2021,137.9,16393280,137.75,138.55,136.98
10/12/2021,136.71,22535020,139.64,139.7,136.25
10/11/2021,138.85,16584760,139.8,140.76,138.81
10/8/2021,140.06,18928420,139.91,140.32,139.43
10/7/2021,139.19,18250460,138.86,140.15,138.56
10/6/2021,137.35,19764320,134.63,137.85,134.49
10/5/2021,136.18,24126740,134,137.36,134
10/4/2021,133.77,31529900,135.7,135.7,131.17
10/1/2021,136.46,28387300,133.55,137.07,133.38
9/30/2021,133.27,35363980,134.33,135.59,133
9/29/2021,134.52,26337220,137.11,137.4,134.25
9/28/2021,136.18,42189660,139.09,139.61,135.7
9/27/2021,141.5,18844080,141.59,142.5,140.5
9/24/2021,142.63,14949340,140.95,142.9,140.85
9/23/2021,141.83,17276100,141.61,142.25,141.1
9/22/2021,140.94,22067800,140.05,141.58,139.47
9/21/2021,139.65,18129380,140.12,140.81,138.91
9/20/2021,139.02,34917720,139,139.36,137.05
9/17/2021,141.46,60039820,143.8,144.25,141.06
9/16/2021,144.37,20298840,145.12,145.2,143.42
9/15/2021,145.21,20653420,143.76,145.58,142.26
9/14/2021,143.41,18919140,144.16,144.73,142.91
9/13/2021,143.47,20175620,143.2,144.19,142.28
9/10/2021,141.92,32896620,145.44,146.02,141.74
9/9/2021,144.91,14798560,144.88,145.67,144.43
9/8/2021,144.88,15491660,145.39,145.55,144.2
9/7/2021,145.52,15172600,144.75,145.82,144.54
9/3/2021,144.78,19110480,144.15,145.38,143.51
9/2/2021,144.22,21855800,145.95,146.33,144.11
9/1/2021,145.84,15824680,145.65,146.82,145.61
8/31/2021,145.46,26756420,145.88,146.11,145
8/30/2021,145.47,16915900,144.7,146.49,144.6
8/27/2021,144.55,24568240,142.11,145.01,142.02
8/26/2021,142.12,14922000,142.62,143.13,142.09
8/25/2021,142.95,12843060,142.88,143.31,142.44
8/24/2021,142.4,15126260,141.54,143.01,141.35
8/23/2021,141.1,21089680,139,142.18,138.75
8/20/2021,138.44,15566740,137.08,138.61,136.47
8/19/2021,136.91,18295920,135.47,137.45,135.36
8/18/2021,136.57,14934460,137.12,138.29,136.42
8/17/2021,137.3,21274020,138.19,138.72,136.79
8/16/2021,138.92,18050840,138,138.99,136.17
8/13/2021,138.41,12580580,138.36,138.67,138.01
8/12/2021,138.39,14649400,137.71,138.42,136.78
8/11/2021,137.69,15209660,138.28,138.85,137.35
8/10/2021,138.1,16039080,138.08,138.55,137.23
8/9/2021,138,12379560,136.95,138.32,136.43
8/6/2021,137.04,13565020,136.3,137.08,136.05
8/5/2021,136.94,11871780,136.03,136.95,135.6
8/4/2021,136.03,16527140,136.25,136.54,135.42
8/3/2021,136.28,19064000,136,136.34,134.18
8/2/2021,135.99,20140040,135.48,136.02,134.67
7/30/2021,135.22,23954500,135.51,135.77,134.81
7/29/2021,136.54,19283340,136.38,137.15,136.14
7/28/2021,136.38,54688340,138.56,139.68,136.35
7/27/2021,136.8,42163060,140.01,140.01,135.1
7/26/2021,139.64,23052460,138.25,139.71,137.65
7/23/2021,137.82,26377740,135.26,138.81,134.7
7/22/2021,133.33,13608140,132.65,133.5,132.4
7/21/2021,132.6,14741640,130.79,132.62,130.6
7/20/2021,131.1,19083120,130,132,129.19
7/19/2021,129.25,25709320,131.16,131.25,128.54
7/16/2021,131.85,14861180,131.64,132.18,130.82
7/15/2021,131.27,16586320,132.5,132.6,130.6
7/14/2021,132.08,17918540,131.9,133,131.9
7/13/2021,130.99,16617960,130.88,132.04,130.64
7/12/2021,130.56,16950920,129.83,130.77,129.6
7/9/2021,129.57,15109320,128.94,129.85,128.94
7/8/2021,129.18,19779500,128.25,130.03,128.04
7/7/2021,130.08,16683720,130.34,130.64,129.76
7/6/2021,129.77,21350340,129.45,129.88,128.41
7/2/2021,128.72,21165120,126.84,128.85,126.77
7/1/2021,126.37,17124600,124.85,126.46,124.85
6/30/2021,125.32,24009560,125.65,125.8,124.76
6/29/2021,126.02,20949560,126.77,127,125.44
6/28/2021,126.82,28110860,127,127.34,125.97
6/25/2021,127,33485940,126.96,127.51,126.44
6/24/2021,127.28,18933240,127.05,127.54,126.96
6/23/2021,126.46,19693160,126.55,127.8,126.25
6/22/2021,127,20986200,126.45,127.27,126.03
6/21/2021,126.46,26256520,125.74,127.04,125.13
6/18/2021,125.57,53306200,125.71,126.39,124.6
6/17/2021,126.37,25755820,125.52,127.2,125.52
6/16/2021,125.7,26316760,126.25,126.52,124.15
6/15/2021,126.03,22182600,126.52,126.86,125.65
6/14/2021,126.35,22550440,125.67,126.41,125.05
6/11/2021,125.7,25246180,126.25,126.35,124.91
6/10/2021,126.08,31234660,124.7,126.16,124.7
6/9/2021,124.57,20126740,124.98,125.25,124.37
6/8/2021,124.14,25065060,124,124.72,123.41
6/7/2021,123.3,23849060,122.57,123.4,122.05
6/4/2021,122.59,25948680,121.13,122.69,120.89
6/3/2021,120.23,18345820,119.75,120.49,119.14
6/2/2021,121.06,17162100,121.77,122.1,120.21
6/1/2021,121.49,19165780,121.1,121.9,120.24
5/28/2021,120.58,24107640,121.1,121.41,120.38
5/27/2021,120.13,38962260,121.85,122,120.1
5/26/2021,121.68,21856380,120.64,122.15,120.63
5/25/2021,120.45,18838560,121,121.64,120.15
5/24/2021,120.33,21243780,118.35,120.92,118.01
5/21/2021,117.26,22832640,118.3,118.45,117.12
5/20/2021,117.8,23831860,116.4,118.02,116.05
5/19/2021,115.44,19350880,113.22,115.84,113.18
5/18/2021,115.17,17302380,116.85,117.16,115.16
5/17/2021,116.07,19835840,115.47,116.17,114.75
5/14/2021,115.81,26624960,114.59,116.06,114.17
5/13/2021,113.1,26670160,113.05,113.83,112.14
5/12/2021,111.95,34933280,113.09,114.27,111.5
5/11/2021,115.44,32110960,114.59,116.1,114.15
5/10/2021,117.08,26005420,118.74,118.9,116.74
5/7/2021,119.93,23277840,120,120.82,119.5
5/6/2021,119.07,20617180,117.53,119.14,117.12
5/5/2021,117.84,21805500,118.42,119.11,117.57
5/4/2021,117.71,35120300,118.49,118.96,115.59
5/3/2021,119.76,33787780,120.14,120.99,119.23
4/30/2021,120.51,39142600,120.22,121.36,120.11
4/29/2021,121.49,39553540,120.52,121.83,120.11
4/28/2021,119,59728780,120.36,122.62,118.74
4/27/2021,115.36,31971660,116.8,116.87,115.21
4/26/2021,116.34,20833000,116,117.06,115.69
4/23/2021,115.77,28703240,114.17,116.29,113.91
4/22/2021,113.4,21096160,114.66,115.19,112.82
4/21/2021,114.66,23934620,114.26,114.77,112.93
4/20/2021,114.68,21774980,115.39,115.48,113.59
4/19/2021,115.12,24688900,114.6,115.92,114.39
4/16/2021,114.89,22601800,115.15,115.32,114.22
4/15/2021,114.83,27472240,113.85,115.33,113.3
4/14/2021,112.74,20219340,113.76,113.9,112.46
4/13/2021,113.36,23316080,113.07,113.86,112.8
4/12/2021,112.74,31317020,113.31,113.77,111.92
4/9/2021,114.29,20887300,112.84,114.45,112.69
4/8/2021,113.27,27165180,113.9,114.2,112.88
4/7/2021,112.48,25797220,111.31,112.75,111.27
4/6/2021,111.24,27060720,111.13,111.88,110.74
4/5/2021,111.28,43297500,107.65,111.87,107.58
4/1/2021,106.89,33979560,104.9,107.15,104.84
3/31/2021,103.43,29198600,102.96,104.67,102.84
3/30/2021,102.78,20735480,102.88,103.54,102.2
3/29/2021,102.8,24595540,101.39,102.92,100.78
3/26/2021,101.78,29876000,101.94,102.55,100.7
3/25/2021,102.22,28378140,102.24,102.94,100.54
3/24/2021,102.25,23080580,103.27,103.91,102.08
3/23/2021,102.65,27339940,102.59,103.62,101.96
3/22/2021,101.93,39096320,102.09,102.9,101.3
3/19/2021,102.16,46297860,102.1,102.66,100.88
3/18/2021,101.81,27248600,103.05,103.78,101.68
3/17/2021,104.55,25980320,103.8,105.49,102.7
3/16/2021,104.63,29831280,103.95,106.18,103.5
3/15/2021,103.32,25966500,103.12,103.35,102.18
3/12/2021,103.1,34515880,104.25,104.51,102.38
3/11/2021,105.74,24781600,103.7,106.29,103.62
3/10/2021,102.75,25371840,103.59,103.75,101.67
3/9/2021,102.64,33946120,103.5,103.9,102.39
3/8/2021,101.21,32948580,105.06,106.44,101.08
3/5/2021,105.43,43904360,103.66,105.91,102.32
3/4/2021,102.45,42360120,101.17,104.46,101.01
3/3/2021,101.34,29683620,103.36,104.43,100.5
3/2/2021,103.79,22691900,103.81,105.22,103.56
3/1/2021,104.08,28102300,102.83,104.33,102.31
2/26/2021,101.84,41676020,102.53,103.55,100.8
2/25/2021,101.57,36568640,103.37,104.74,101.06
2/24/2021,104.76,24966980,102.09,105.04,101.91
2/23/2021,103.54,33347540,101.25,104.1,100.1
2/22/2021,103.24,27350660,103.35,104.57,103.11
2/19/2021,105.06,29152240,105.96,106.53,104.87
2/18/2021,105.86,22437100,105.52,106.64,105.19
2/17/2021,106.42,21418820,105,106.68,104.95
2/16/2021,106.1,22676760,105.22,107.63,105.22
2/12/2021,105.21,17117300,104.51,105.44,104.16
2/11/2021,104.79,18913000,104.98,105.1,103.87
2/10/2021,104.77,22709280,104.71,105.42,103.15
2/9/2021,104.18,17797000,103.93,105.26,103.93
2/8/2021,104.65,24848220,105.3,106.18,103.6
2/5/2021,104.9,30702700,103.5,105.13,102.97
2/4/2021,103.12,37046580,103.44,103.93,102.13
2/3/2021,103.5,82363400,103.65,105.83,100.92
2/2/2021,96.38,45474460,96.13,97.79,95.72
2/1/2021,95.07,32043640,92.68,96.12,92.55
1/29/2021,91.79,32251040,92.31,92.86,90.51
1/28/2021,93.16,35462760,92.2,94.94,92.13
1/27/2021,91.54,54965840,94.13,94.5,90.45
1/26/2021,95.86,26262780,94.44,96.25,94.21
1/25/2021,94.97,38546400,96.03,96.48,93.38
1/22/2021,95.05,25444640,94.78,95.55,94.09
1/21/2021,94.56,41278640,94.9,96.74,94.36
1/20/2021,94.35,49805160,91.57,95.19,91.28
1/19/2021,89.54,34692280,87.61,90.46,87.07
1/15/2021,86.81,26843400,86.91,87.8,86.08
1/14/2021,87.01,23589540,87.68,88.75,86.67
1/13/2021,87.72,21882620,86.93,88.25,86.9
1/12/2021,87.33,27153820,87.7,88.9,86.27
1/11/2021,88.34,24194700,89.3,89.72,88.03
1/8/2021,90.36,41020040,89.4,90.49,88.68
1/7/2021,89.36,45300440,87,89.42,86.85
1/6/2021,86.76,52042280,85.13,87.4,84.95
1/5/2021,87.05,22906940,86.25,87.38,85.9
1/4/2021,86.41,38037100,87.88,88.03,85.39
12/31/2020,87.59,20244800,86.77,87.95,86.77
12/30/2020,86.98,26122600,88.1,88.25,86.28
12/29/2020,87.94,25987900,89.39,89.62,87.8
12/28/2020,88.8,27860660,87.58,89.54,87.32
12/24/2020,86.94,6935060,86.75,87.3,86.46
12/23/2020,86.62,20678340,86.41,87.4,86.25
12/22/2020,86.18,18766920,86.72,86.87,85.63
12/21/2020,86.97,36567560,85.68,87.04,84.95
12/18/2020,86.55,80327060,87.71,87.76,86.01
12/17/2020,87.4,32494880,88.43,88.59,86.93
12/16/2020,88.15,30270860,88.64,88.65,87.8
12/15/2020,88.39,29645220,88.22,88.57,87.5
12/14/2020,88,32003460,88.75,89.87,87.86
12/11/2020,89.09,24413020,88.15,89.22,88
12/10/2020,88.77,27256960,88.49,89.07,87.02
12/9/2020,89.21,30151160,90.6,91.71,88.39
12/8/2020,90.93,21926380,90.51,91.1,89.81
12/7/2020,90.97,26418920,90.95,91.62,90.29
12/4/2020,91.4,27563320,91.23,91.66,90.85
12/3/2020,91.34,24545960,91.2,92.36,91.13
12/2/2020,91.4,24440640,89.91,91.78,89.47
12/1/2020,89.91,34780900,88.72,91.24,88.47
11/30/2020,88.04,36476720,89.06,89.4,87.75
11/27/2020,89.66,17698320,88.65,90.2,88.62
11/25/2020,88.57,20922440,88.64,88.93,87.83
11/24/2020,88.44,31594060,86.53,88.58,86.38
11/23/2020,86.74,43239500,87.48,87.7,85.89
11/20/2020,87.11,46273100,88.26,88.7,87.09
11/19/2020,88.2,24998200,86.92,88.48,86.85
11/18/2020,87.34,23469320,88.26,88.67,87.31
11/17/2020,88.51,22942280,88.85,89.25,88.35
11/16/2020,89.07,24935700,88.59,89.95,88.38
11/13/2020,88.85,30011480,87.88,89.05,87.23
11/12/2020,87.49,24975080,87.38,88.41,87.28
11/11/2020,87.64,25279320,87.5,88.21,87.37
11/10/2020,87.02,52722840,86.55,88.15,85.87
11/9/2020,88.15,45365400,89.55,90.9,88
11/6/2020,88.09,33224500,87.7,88.62,87.02
11/5/2020,88.17,41316240,89.05,89.68,87.53
11/4/2020,87.46,71418540,85.51,88.57,85.3
11/3/2020,82.51,33233060,81.59,83.09,80.83
11/2/2020,81.3,50708920,81.41,83.04,80.8
10/30/2020,81.05,86617240,83.61,84.35,80.22
10/29/2020,78.36,40061280,76.12,79.69,76.11
10/28/2020,75.83,36679180,77.99,78.07,75.73
10/27/2020,80.21,24580040,79.78,80.34,79.14
10/26/2020,79.52,37065080,81.25,81.91,78.83
10/23/2020,82.05,27516880,81.3,82.12,81.03
10/22/2020,80.77,28680840,79.65,81.1,79.25
10/21/2020,79.67,51366900,78.67,80.94,78.58
10/20/2020,77.8,44851440,76.35,78.88,76.28
10/19/2020,76.73,32141500,79.02,79.41,76.4
10/16/2020,78.65,28702740,78.29,79.06,78.15
10/15/2020,77.96,30816340,77.36,78.76,77.25
10/14/2020,78.4,38619800,78.93,79.38,77.53
10/13/2020,78.58,32020860,79.19,79.5,78.16
10/12/2020,78.46,49651200,77.15,79.69,76.63
10/9/2020,75.76,28710840,74.74,75.83,74.47
10/8/2020,74.3,23756620,73.25,74.5,73.25
10/7/2020,73.01,34923120,73.21,73.45,71.8
10/6/2020,72.67,24908460,73.78,74.34,72.43
10/5/2020,74.3,22265140,73.31,74.41,73.21
10/2/2020,72.92,25681420,73.1,74.16,72.55
10/1/2020,74.5,35589940,74.21,74.95,73.96
9/30/2020,73.48,34032160,73.34,74.49,72.99
9/29/2020,73.47,19582040,73.52,73.83,72.94
9/28/2020,73.23,40158820,73.71,73.84,72.47
9/25/2020,72.25,26467500,71.63,72.5,70.67
9/24/2020,71.41,29004320,70.55,72.19,70.49
9/23/2020,70.76,33147000,72.94,73.05,70.39
9/22/2020,73.27,31664020,72.5,73.48,71.73
9/21/2020,71.56,57776540,72,72.42,70.33
9/18/2020,73,62077640,74.9,75.15,71.86
9/17/2020,74.78,37595020,74.8,75.41,73.5
9/16/2020,76.05,26245980,77.78,78.1,75.99
9/15/2020,77.07,26621640,76.8,77.98,76.59
9/14/2020,75.96,33931780,76.95,78.2,75.79
9/11/2020,76.04,31941740,76.8,78.76,74.87
9/10/2020,76.6,32371140,78.03,79.2,76.29
9/9/2020,77.85,35494080,77.88,78.45,76.8
9/8/2020,76.62,52217680,76.68,78.19,76.4
9/4/2020,79.55,52171360,81.21,82.26,77.38
9/3/2020,82.09,62155260,85.49,85.49,80.75
9/2/2020,86.41,50223600,83.69,86.66,83.32
9/1/2020,83.04,36533100,81.83,83.29,81.61
8/31/2020,81.71,36468120,82.39,82.4,81.52
8/28/2020,82.22,29995640,81.67,82.36,81.54
8/27/2020,81.72,37232040,82.68,82.75,81.29
8/26/2020,82.62,71621440,80.4,82.96,80.18
8/25/2020,80.41,42641680,79.1,80.58,79.1
8/24/2020,79.41,28204580,79.7,80.71,79.03
8/21/2020,79.02,28929060,78.85,79.89,78.4
8/20/2020,79.09,34137540,77.17,79.29,76.91
8/19/2020,77.38,33212220,77.67,78.68,77.2
8/18/2020,77.93,40541720,76.31,78.12,76.19
8/17/2020,75.9,27572000,75.73,76.28,75.4
8/14/2020,75.39,27104000,75.78,76.1,75.14
8/13/2020,75.92,29104160,75.52,76.86,75.4
8/12/2020,75.33,28753100,74.28,75.62,74.26
8/11/2020,74.02,29087300,74.62,75.5,73.9
8/10/2020,74.81,25790600,74.36,75.2,73.65
8/7/2020,74.72,31556520,75,75.84,74.08
8/6/2020,75.01,39907360,73.59,75.12,73.3
8/5/2020,73.68,39599140,73.47,74.12,73.17
8/4/2020,73.25,38069780,73.83,74.28,72.93
8/3/2020,73.72,46630280,74.33,74.52,73.28
7/31/2020,74.15,68580720,75.25,75.45,72.7
7/30/2020,76.57,33427920,74.85,76.89,74.61
7/29/2020,76.1,22130680,75.32,76.56,75.07
7/28/2020,75.02,34043480,76.26,76.32,74.88
7/27/2020,76.51,24919600,75.78,77.05,75.76
7/24/2020,75.59,30888080,74.95,75.88,74.42
7/23/2020,75.78,32552680,78.35,78.59,75.37
7/22/2020,78.42,18639700,78.03,78.5,77.31
7/21/2020,77.92,24372900,79.35,79.35,77.71
7/20/2020,78.29,31145040,75.76,78.51,75.18
7/17/2020,75.78,29140200,76.08,76.17,74.92
7/16/2020,75.9,30386900,75,75.93,74.32
7/15/2020,75.68,32213680,76.16,76.77,74.9
7/14/2020,76.03,31700320,74.52,76.15,74.18
7/13/2020,75.57,36928480,77.5,78.86,75.26
7/10/2020,77.09,37134080,75.31,77.19,74.83
7/9/2020,75.55,28466440,75.32,76.14,74.4
7/8/2020,74.8,24993160,74.72,75.29,74.28
7/7/2020,74.26,29163440,74.5,75.84,74.18
7/6/2020,74.79,31279940,74,75.33,73.64
7/2/2020,73.24,37189600,72.35,74.15,72.32
7/1/2020,71.9,35503340,70.56,72.15,70.49
6/30/2020,70.68,40847620,69.52,70.93,69.2
6/29/2020,69.75,36203600,67.91,69.78,67.35
6/26/2020,68,85353960,71.57,71.67,67.6
6/25/2020,72.07,24609480,71.5,72.15,71
6/24/2020,71.6,35120440,73.08,73.77,71.49
6/23/2020,73.22,28595280,72.78,73.8,72.26
6/22/2020,72.59,30848800,71.45,72.64,71.16
6/19/2020,71.59,63157500,72.2,72.39,71.07
6/18/2020,71.8,31638320,72.46,72.57,71.35
6/17/2020,72.56,30992300,72.36,73,71.57
6/16/2020,72.14,34232280,72.26,72.75,71.3
6/15/2020,70.99,30121920,69.54,71.24,69.4
6/12/2020,70.66,38927340,71.42,71.85,69.3
6/11/2020,70.19,39826640,72.12,72.72,70.1
6/10/2020,73.29,30503060,72.98,73.71,72.81
6/9/2020,72.81,28184980,72.27,73.4,72.16
6/8/2020,72.33,28083560,71.12,72.4,71.12
6/5/2020,71.92,34704880,70.66,72.25,70.3
6/4/2020,70.61,29685440,71.52,71.95,70.24
6/3/2020,71.82,25123720,71.92,72.33,71.49
6/2/2020,71.96,25562560,71.53,71.98,70.94
6/1/2020,71.59,24342800,70.92,71.9,70.9
5/29/2020,71.45,36761180,70.85,71.63,70.67
5/28/2020,70.84,33879520,69.84,72.04,69.8
5/27/2020,70.89,33722840,70.86,71.09,69.56
5/26/2020,70.85,41212860,71.86,72.05,70.61
5/22/2020,70.52,26188160,69.84,70.64,69.59
5/21/2020,70.14,27703880,70.4,70.77,69.67
5/20/2020,70.34,33107500,69.48,70.52,69.36
5/19/2020,68.67,25612980,69.35,69.6,68.67
5/18/2020,69.2,36479280,68.09,69.62,67.71
5/15/2020,68.66,34154940,67.5,68.72,66.95
5/14/2020,67.81,32061540,66.75,67.87,66.2
5/13/2020,67.47,36251700,68.85,69.27,66.42
5/12/2020,68.79,27812000,70.36,70.75,68.74
5/11/2020,70.16,28242320,68.91,70.83,68.86
5/8/2020,69.42,27761360,69.16,69.94,68.77
5/7/2020,68.63,27995180,68.3,68.88,67.76
5/6/2020,67.37,24308460,68.08,68.56,67.36
5/5/2020,67.56,33030660,66.9,68.7,66.87
5/4/2020,66.34,30080340,65.41,66.38,64.95
5/1/2020,66.03,41452780,66.43,67.6,65.55
4/30/2020,67.43,53378120,66.24,67.64,66.12
4/29/2020,67.07,75872480,67.07,68,66.27
4/28/2020,61.68,59026180,64.4,64.4,61.61
4/27/2020,63.79,32011260,64.8,64.81,63.45
